PostTypeId,AcceptedAnswerId,CreationDate,Score,ViewCount,Body,OwnerUserId,LastEditorUserId,LastEditDate,LastActivityDate,Title,Tags,AnswerCount,CommentCount,FavoriteCount
1,161,2010-08-05T19:34:49.473,39,92268,PHA+V2hlbiBzaG91bGQgSSB1c2UgPGVtPmNhbjwvZW0+PyBXaGVuIHNob3VsZCBJIHVzZSA8ZW0+Y291bGQ8L2VtPj88YnI+CldoYXQgaXMgcmlnaHQgdW5kZXIgd2hhdCBjb250ZXh0PzwvcD4K,9,300,2013-01-24T22:00:48.513,2015-06-12T21:02:26.507,V2hlbiBkbyBJIHVzZSAiY2FuIiBvciAiY291bGQiPw==,<word-choice><tenses><politeness><subjunctive-mood><can-could>,6,7,23
1,12,2010-08-05T19:37:29.890,48,15237,PHA+RG9lc24ndCAicXVpbnQiIG1lYW4gImZpdmUiPyAgV2hhdCBkb2VzIHRoYXQgaGF2ZSB0byBkbyB3aXRoIHRoZSBtZWFuaW5nIG9mICJxdWludGVzc2VudGlhbCI/PC9wPgo=,16,2705,2011-03-06T23:30:18.483,2013-09-08T11:18:37.867,V2hlcmUgZG9lcyB0aGUgInF1aW50IiBpbiAicXVpbnRlc3NlbnRpYWwiIGNvbWUgZnJvbT8=,<etymology>,7,5,6
1,,2010-08-05T19:39:40.743,48,17719,PHA+V2hpY2ggaXMgdGhlIGNvcnJlY3QgdXNlIG9mIHRoZXNlIHR3byB3b3JkcywgYW5kIGluIHdoaWNoIGNvbnRleHQgc2hvdWxkIG9uZSBiZSB1c2VkIHJhdGhlciB0aGFuIHRoZSBvdGhlcj88L3A+Cg==,13078,63507,2015-07-23T20:00:57.963,2016-03-05T07:52:27.077,V2hlbiBzaG91bGQgSSB1c2UgInNoYWxsIiB2ZXJzdXMgIndpbGwiPw==,<future-tense><shall-future><will-future>,10,7,15
2,,2010-08-05T19:40:58.213,4,,PHA+SXQncyB0aGUgZmlmdGggZWxlbWVudCBhZnRlciBlYXJ0aCwgYWlyLCBmaXJlLCBhbmQgd2F0ZXIsIHNvIGl0IGlzIHByZXN1bWFibHkgc3VwZXJpb3IgdG8gdGhvc2Ugb3IgY29tcGxldGluZyB0aG9zZS48L3A+Cg==,21,,,2010-08-05T19:40:58.213,,,,0,
1,10600,2010-08-05T19:41:04.000,23,2897,PHA+SSB0aGluayBtb3N0IGZvbGsgaGFwcGlseSB1c2UgZWl0aGVyICJ3aGlsZSIgb3IgIndoaWxzdCIuIEkndmUgYSB2YWd1ZSByZWNvbGxlY3Rpb24gdGhhdCBhdCBvbmUgdGltZSAid2hpbGUiIGluZGljYXRlZCB0aGUgcGFzc2luZyBvZiB0aW1lIGFuZCAid2hpbHN0IiB3YXMgZXNzZW50aWFsbHkgdGhlIHNhbWUgYXMgIndoZXJlYXMiIG9yICJhbHRob3VnaCIuPC9wPgoKPHA+U28gdXNpbmcgd2hpbGUgZm9yIHRpbWUgcGFzc2luZy4uLjwvcD4KCjxibG9ja3F1b3RlPgogIDxwPldoaWxlIEkgd2FzIHdhbGtpbmcgZG93biB0aGUgc3RyZWV0IHRoZSBzdW4gd2FzIHNoaW5pbmcuPC9wPgo8L2Jsb2NrcXVvdGU+Cgo8cD4uLi4gYW5kIHdoaWxzdCBmb3Igd2hlcmVhcy9hbHRob3VnaC4uLjwvcD4KCjxibG9ja3F1b3RlPgogIDxwPldoaWxzdCBJIHdhcyB3YWxraW5nIGRvd24gdGhlIHN0cmVldCBJIG9mdGVuIHByZWZlciB0byBob3AuPC9wPgo8L2Jsb2NrcXVvdGU+Cgo8cD5Bbnkgdmlld3M/PC9wPgo=,15,15,2011-02-10T11:33:39.800,2014-07-15T08:02:20.533,V2hlbiBkaWQgIndoaWxlIiBhbmQgIndoaWxzdCIgYmVjb21lIGludGVyY2hhbmdlYWJsZT8=,<word-choice><grammar><etymology><conjunctions>,7,5,4
1,,2010-08-05T19:41:48.600,26,16767,PGJsb2NrcXVvdGU+CiAgPHVsPgogIDxsaT5JIG1heSBub3QgYmUgY29taW5nIGluIHRvbW9ycm93Li4uIDwvbGk+CiAgPGxpPkkgbWlnaHQgbm90IGJlIGNvbWluZyBpbiB0b21vcnJvdy4uLiA8L2xpPgogIDwvdWw+CjwvYmxvY2txdW90ZT4KCjxwPldoZW4gY291bGQgSSB1c2UgIm1heSIgJmFtcDsgIm1pZ2h0Ij88L3A+Cg==,9,77227,2015-12-09T16:13:21.850,2015-12-09T16:13:21.850,Ik1heSIgJiAiTWlnaHQiOiBXaGF0J3MgdGhlIHJpZ2h0IGNvbnRleHQ/,<word-choice><grammar><modal-verbs><auxiliary-verbs>,11,1,12
1,29,2010-08-05T19:42:24.170,39,14855,PHA+SSBmZWVsIHVuY29tZm9ydGFibGUgc2F5aW5nIHNlbnRlbmNlcyBsaWtlIHRoZSBmb2xsb3dpbmc6IDwvcD4KCjx1bD4KPGxpPiI8c3Ryb25nPkkndmU8L3N0cm9uZz4gYSBjYXIiIGluc3RlYWQgb2YgIjxzdHJvbmc+SSBoYXZlPC9zdHJvbmc+IGEgY2FyIjwvbGk+CjxsaT4iPHN0cm9uZz5UaGV5J3ZlPC9zdHJvbmc+IGEgZ3JlYXQgdGltZSIgaW5zdGVhZCBvZiAiPHN0cm9uZz5UaGV5IGhhdmU8L3N0cm9uZz4gYSBncmVhdCB0aW1lIjwvbGk+CjxsaT4iPHN0cm9uZz5IZSdzPC9zdHJvbmc+IGEgcGVuIiBpbnN0ZWFkIG9mICI8c3Ryb25nPkhlIGhhczwvc3Ryb25nPiBhIHBlbiI8L2xpPgo8bGk+ZXRjPC9saT4KPC91bD4KCjxwPkkgYXNrIHRoaXMgYmVjYXVzZSBJIHJlYWQgdGhpcyBzb3J0IG9mIHRoaW5nIGluIGEgYm9vay48L3A+Cgo8cD5BcmUgdGhleSBjb3JyZWN0PyBBbmQgd2hhdCBpcyB0aGUgcnVsZT8gQ2FuIHlvdSB1c2Ugc3VjaCBmb3JtcyBpbiBhIGZvcm1hbCBzZXR0aW5nPzwvcD4K,13,300,2013-09-21T18:16:54.323,2014-05-16T18:18:25.677,SXMgaXQgYXBwcm9wcmlhdGUgdG8gdXNlIHNob3J0IGZvcm0gb2YgImhhdmUiICgndmUpIHdoZW4gaXQgbWVhbnMgcG9zc2Vzc2lvbj8=,<verbs><contractions><auxiliary-verbs>,8,8,6
2,,2010-08-05T19:42:25.120,2,,PHA+InF1aW50IiBtZWFucyBmaWZ0aC4gVGhlICJxdWludGVzc2VuY2UiIGlzIHRoZSBmaWZ0aCBlc3NlbmNlLjwvcD4KCjxwPlRoZSBmaWZ0aCBlbGVtZW50IHdhcyB0aGUgb25lIHN1cHBvc2VkIHRvIGNvbWUgYWZ0ZXIgYWlyLCBmaXJlLCBlYXJ0aCwgYW5kIHdhdGVyIGluIHRoZSBNZWRpZXZhbCBBZ2UuPC9wPgo=,13078,,,2010-08-05T19:42:25.120,,,,1,
2,,2010-08-05T19:45:06.567,2,,PHA+SXQgc2VlbXMgdGhleSBhcmUgaW50ZXJjaGFuZ2VhYmxlLCBidXQgPGEgaHJlZj0iaHR0cDovL3d3dy5tZXJyaWFtLXdlYnN0ZXIuY29tL2RpY3Rpb25hcnkvd2hpbHN0IiByZWw9Im5vZm9sbG93Ij53aGlsc3Q8L2E+IGlzIHByaW1hcmlseSB1c2VkIGJ5IHRoZSBCcml0aXNoLjwvcD4K,17,17,2010-08-13T11:30:31.217,2010-08-13T11:30:31.217,,,,2,
2,,2010-08-05T19:45:14.723,6,,PHA+PGEgaHJlZj0iaHR0cDovL2VuLndpa2lwZWRpYS5vcmcvd2lraS9TaGFsbF9hbmRfd2lsbCI+aHR0cDovL2VuLndpa2lwZWRpYS5vcmcvd2lraS9TaGFsbF9hbmRfd2lsbDwvYT48L3A+Cgo8YmxvY2txdW90ZT4KICA8cD5TaGFsbCBhbmQgd2lsbCBhcmUgYm90aCBtb2RhbCB2ZXJicyBpbgogIEVuZ2xpc2ggdXNlZCB0byBleHByZXNzIHByb3Bvc2l0aW9ucwogIGFib3V0IHRoZSBmdXR1cmUuIEFjY29yZGluZyB0byB0aGUgTmV3CiAgT3hmb3JkIERpY3Rpb25hcnkgb2YgRW5nbGlzaCwgSW4KICBtb2Rlcm4gRW5nbGlzaCB0aGUgaW50ZXJjaGFuZ2VhYmxlIHVzZQogIG9mIHNoYWxsIGFuZCB3aWxsIGlzIGFuIGFjY2VwdGFibGUKICBwYXJ0IG9mIHN0YW5kYXJkIEJyaXRpc2ggYW5kIFVTCiAgRW5nbGlzaC48L3A+CjwvYmxvY2txdW90ZT4K,9,,,2010-08-05T19:45:14.723,,,,2,
2,,2010-08-05T19:46:54.160,54,,PHA+IkVzc2VuY2UiIGluIHRoaXMgY29udGV4dCBpcyBhIHN5bm9ueW0gZm9yICJlbGVtZW50IiwgYW5kICJlc3NlbnRpYWwiIGZvciAiZWxlbWVudGFsIi4gSW4gcHJlLWF0b21pYyB0aGVvcnksIHRoZXJlIHdlcmUgZm91ciAia25vd24iIGVsZW1lbnRzIG9yIGVzc2VuY2VzJm5ic3A74oCUIEVhcnRoLCBBaXIsIEZpcmUgYW5kIFdhdGVyJm5ic3A74oCUIGFuZCBhIHB1dGF0aXZlIGZpZnRoIGVsZW1lbnQgKHF1aW50YSBlc3NlbnRpYSkuIFRoZSBmaWZ0aCBlbGVtZW50IHdhcyBiZWxpZXZlZCB0byBiZSBzdXBlcmlvciB0byB0aGUgb3RoZXJzLCBhbmQgc28sICJxdWludGVzc2VudGlhbCIgaGFzIGNvbWUgdG8gbWVhbiBzb21ldGhpbmcgdGhhdCBpcyBzdXBlcmlvci48L3A+Cg==,7,300,2012-12-05T10:57:28.773,2012-12-05T10:57:28.773,,,,2,
2,,2010-08-05T19:49:37.773,3,,PHA+SXQgaXMgcmFyZWx5IGFwcHJvcHJpYXRlIHRvIHVzZSBjb250cmFjdGlvbnMgaW4gYSBmb3JtYWwgd3JpdGluZyBlbnZpcm9ubWVudC48L3A+Cgo8cD5JJ3ZlIGhlYXJkIHRoZSBmaXJzdCBjb25zdHJ1Y3Rpb24gaW4gc3BlZWNoLCBtYWlubHkgQnJpdGlzaCBFbmdsaXNoLCBidXQgbm90IHRoZSBzZWNvbmQuPC9wPgo=,7,,,2010-08-05T19:49:37.773,,,,1,
1,34,2010-08-05T19:51:46.757,128,228041,PHA+QXJlIHRoZXJlIGFueSBjb25jcmV0ZSBydWxlcyB0aGF0IHNheSB3aGljaCB3b3JkcyAocGFydHMgb2Ygc3BlZWNoKSBpbiBhIHRpdGxlIHNob3VsZCBzdGFydCB3aXRoIGEgY2FwaXRhbCBsZXR0ZXI/IFdoYXQgd291bGQgYmUgYSBjb3JyZWN0IGNhcGl0YWxpemF0aW9uIGZvciB0aGUgdGl0bGUgb2YgdGhpcyBxdWVzdGlvbj88L3A+Cg==,13,2085,2013-08-25T18:58:08.603,2014-09-28T02:05:56.463,V2hpY2ggd29yZHMgaW4gYSB0aXRsZSBzaG91bGQgYmUgY2FwaXRhbGl6ZWQ/,<capitalization><title><headline-case>,12,7,48
2,,2010-08-05T19:52:27.270,3,,PHA+U3RyaWN0bHkgc3BlYWtpbmcsICJtaWdodCIgaXMgdGhlIHNpbXBsZSBwYXN0IHRlbnNlIG9mICJtYXkiLjwvcD4KCjxwPkluIHByYWN0aWNlLCB0aGV5J3JlIG9mdGVuIHVzZWQgaW50ZXJjaGFuZ2VhYmx5IGluIG90aGVyIHRlbnNlcywgYXMgeW91ciBleGFtcGxlIGRlbW9uc3RyYXRlcy48L3A+Cg==,7,,,2010-08-05T19:52:27.270,,,,2,
1,47,2010-08-05T19:54:22.990,112,20410,PHA+TGlrZSBtYW55IG90aGVycywgSSBjb21tb25seSBmaW5kIG15c2VsZiBlbmRpbmcgYSBzZW50ZW5jZSB3aXRoIGEgcHJlcG9zaXRpb24uICBZZXMsIGl0IG1ha2VzIG1lIGNyaW5nZS4gIEkgdXN1YWxseSByZXdyaXRlIHRoZSBzZW50ZW5jZSwgYnV0IHNvbWV0aW1lcyAoaW4gZW1haWxzKSBJIGp1c3QgbGl2ZSB3aXRoIGl0LiAgPGVtPlRvPC9lbT4sIDxlbT53aXRoPC9lbT4uLi4geW91IGtub3cgd2hvIHlvdSBhcmUuPC9wPgoKPHA+U2hvdWxkIEkga2VlcCBmaWdodGluZyBteXNlbGYgb24gdGhpcyBvbmUsIG9yIGlzIGl0IG9rYXkgaW4gc29tZSBjaXJjdW1zdGFuY2VzPzwvcD4K,29,2085,2014-04-27T19:00:42.220,2015-12-07T13:15:35.150,V2hlbiBpcyBpdCBhcHByb3ByaWF0ZSB0byBlbmQgYSBzZW50ZW5jZSBpbiBhIHByZXBvc2l0aW9uPw==,<grammaticality><prepositions><word-order><sentence-ends><pied-piping>,13,8,30
1,131,2010-08-05T19:54:37.313,52,11040,PHA+SSd2ZSBoZWFyZCBsb3RzIG9mIHZhcnlpbmcgaGlzdG9yaWVzIG9mIHRoZSB0ZXJtICJPSyIuICA8L3A+Cgo8cD5JcyB0aGVyZSBhbnkgZXZpZGVuY2Ugb2YgdGhlIHRydWUgb3JpZ2luIG9mIHRoZSB0ZXJtPzwvcD4K,16,2705,2011-03-06T23:27:09.657,2016-01-08T02:33:57.507,V2hlcmUgZGlkIHRoZSB0ZXJtICJPSy9Pa2F5IiBjb21lIGZyb20/,<etymology>,7,5,10
1,24,2010-08-05T19:56:14.907,15,26230,PHA+V291bGQgaXQgYmUgcHJvcGVyIHRvIHNheSA8ZW0+ZnJlc2htYW4gc3R1ZGVudHM8L2VtPiwgPGVtPmZyZXNobWVuPC9lbT4sIG9yIDxlbT5mcmVzaG1lbiBzdHVkZW50cz88L2VtPjwvcD4KCjxwPjxzdHJvbmc+RWRpdDo8L3N0cm9uZz48L3A+Cgo8cD5JdCBpcyB3b3J0aCBub3RpbmcgdGhhdCBJIGhhdmUgc2luY2UgbGVhcm5lZCBpdCBpcyBtb3JlIGFjY2VwdGFibGUgaW4gZWR1Y2F0aW9uYWwgY2lyY2xlcyB0byB1c2UgdGhlIHRlcm0gImZpcnN0LXllYXIgc3R1ZGVudHMiIGluc3RlYWQgb2YgImZyZXNobWVuIi48L3A+Cg==,5,10041,2011-08-25T18:55:01.443,2012-12-27T06:23:50.427,V2hhdCBpcyB0aGUgcHJvcGVyIHBsdXJhbCBvZiB0aGUgd29yZCAiZnJlc2htYW4iPw==,<grammatical-number>,4,6,4
1,157,2010-08-05T19:57:35.077,14,2771,PHA+SW4gYmFzZWJhbGwsIGFuIDxlbT5pbm5pbmc8L2VtPiBpcyBhIHRlYW0ncyAob3IgYm90aCB0ZWFtcycsIGRlcGVuZGluZyBvbiBjb250ZXh0KSB0dXJuIHRvIGJhdC4gIEEgZ2FtZSBjb25zaXN0cyBvZiA5IGlubmluZ3MuICBJbiBjcmlja2V0LCBhbiA8ZW0+aW5uaW5nczwvZW0+IGlzIGEgdGVhbSdzIHR1cm4gdG8gYmF0LCBhIGdhbWUgY29uc2lzdHMgb2YgMiBvciA0IGlubmluZ3MuICBIb3cgZGlkIHRoaXMgZGlmZmVyZW5jZSBpbiBzaW5ndWxhciB1c2FnZSBhcmlzZT88L3A+Cgo8cD4iaW5uaW5nIiBjb3VsZCBjb25jZWl2YWJseSBiZSBkZXJpdmVkIGxpa2UgIm91dGluZyI6ICBBbiBvdXRpbmcgaXMgYSB0aW1lIHdoZW4gb25lIGlzIG91dCwgYW4gaW5uaW5nIGlzIGEgdGltZSB3aGVuIG9uZSBpcyBpbiAodG8gYmF0L3RvIHBsYXkpLiAgV2hlcmUgZGlkIHRoZSBzaW5ndWxhciAiaW5uaW5ncyIgY29tZSBmcm9tPzwvcD4K,21,10893,2011-08-17T09:43:08.160,2011-08-17T09:43:08.160,V2hlcmUgZGlkIHRoZSBzaW5ndWxhciAiaW5uaW5ncyIgY29tZSBmcm9tPw==,<grammatical-number><sports>,2,0,1
1,38,2010-08-05T19:58:03.420,13,1794,PHA+SSBncmV3IHVwIHNwZWFraW5nIEJyaXRpc2ggRW5nbGlzaC4gVGhlIHdvcmRzIEkgbGVhcm50IHdlcmUgb2NjYXNpb25hbGx5IG1hcmtlZCBvZmYgaW4gcGFwZXJzLCBkZXNwaXRlIHRoZWlyIGJlaW5nIEVuZ2xpc2ggd29yZHMuIEFyZSB3b3JkcyBsaWtlIDxlbT5iZXR3aXh0PC9lbT4sIDxlbT50cmViYmxlPC9lbT4sIDxlbT5sZWFybnQ8L2VtPiBhY2NlcHRhYmxlIGluIHBhcGVycyBmb3IgRW5nbGlzaCBjbGFzc2VzIGZvciBwcm9mZXNzb3JzIGluIEFtZXJpY2EsIHNwZWNpZmljYWxseSBUZXhhcz88L3A+Cg==,33,48,2011-04-12T16:28:32.793,2013-05-18T07:30:53.467,QXJlICJiZXR3aXh0IiwgInRyZWJibGUiLCBldGMuLCBhY2NlcHRhYmxlIGluIEFtZXJpY2FuIEVuZ2xpc2g/,<american-english><british-english>,6,2,2
2,,2010-08-05T19:58:16.417,19,,PHA+IkNvdWxkIiBpcyB0aGUgc3VianVuY3RpdmUgZm9ybSBvZiAiY2FuLiIgVGhhdCBtZWFucyB5b3UgdXNlIGl0IHRvIGV4cHJlc3MgcG9zc2liaWxpdGllcyBhbmQgdGhlIGxpa2UuICJJIGNvdWxkIGdvIHRvIHRoZSBtb3ZpZXMsIGJ1dCBJIG1pZ2h0IGp1c3Qgc3RheSBob21lLiIgPC9wPgoKPHA+V2hlbiAiY291bGQiIGlzIHVzZWQgYXMgdGhlIHBhc3QtdGVuc2Ugb2YgImNhbiwiIHlvdSdyZSB0YWxraW5nIGFib3V0IHNvbWV0aGluZyB5b3UgdXNlZCB0byBiZSBhYmxlIHRvIGRvLCBidXQgY2FuJ3QgYW55bW9yZSwgc28gd2hhdGV2ZXIgYWN0aW9uIHlvdSdyZSBzcGVha2luZyBvZiBpcyBoeXBvdGhldGljYWwuICJJIGNvdWxkIGhhdmUgZ29uZSB0byB0aGUgbW92aWVzLCBidXQgSSBkZWNpZGVkIHRvIHN0YXkgaG9tZSwiIG9yICJJIGNvdWxkIG1vdyB0aGUgbGF3biBiZWZvcmUgbXkgYmFjayBpbmp1cnkuIiAoUmVhbGx5IHRoYXQgc2Vjb25kIHNlbnRlbmNlIHNob3VsZCBzYXkgIkkgY291bGQgaGF2ZSBtb3duLi4uLCIgYnV0IGEgbG90IG9mIHBlb3BsZSBkb24ndCBib3RoZXIuKTwvcD4KCjxwPlRoZSBzdWJqdW5jdGl2ZSBpcyBhbHNvIHVzZWQgd2hlbiB0YWxraW5nIGFib3V0IGVtb3Rpb25zLCB3aXNoZXMsIGp1ZGdtZW50cywgYW5kIHN1Y2ggbGlrZS4gSG9uZXN0bHksIFdpa2lwZWRpYSBpcyBwcm9iYWJseSBiZXR0ZXIgYXQgZXhwbGFpbmluZyB0aGUgc3VianVuY3RpdmUgdGhhbiBJLjwvcD4KCjxwPkdvb2QgbHVjayE8L3A+Cg==,23,102286,2015-06-12T21:02:26.507,2015-06-12T21:02:26.507,,,,2,
1,39,2010-08-05T19:58:21.220,29,43889,PGJsb2NrcXVvdGU+CiAgPHA+PHN0cm9uZz5Qb3NzaWJsZSBEdXBsaWNhdGU6PC9zdHJvbmc+PGJyPgogIDxhIGhyZWY9Imh0dHA6Ly9lbmdsaXNoLnN0YWNrZXhjaGFuZ2UuY29tL3F1ZXN0aW9ucy81NDkwL2lzLWl0LWNvcnJlY3QtdG8tdXNlLXB1bmN0dWF0aW9uLW91dHNpZGUtb2YtdGhlLXF1b3RhdGlvbnMtb3ItaW5zaWRlIj5JcyBpdCBjb3JyZWN0IHRvIHVzZSDigJxwdW5jdHVhdGlvbiBvdXRzaWRlIG9mIHRoZSBxdW90YXRpb25z4oCdLCBvciDigJxpbnNpZGU/4oCdPC9hPiAgPC9wPgo8L2Jsb2NrcXVvdGU+CgoKCjxwPkkndmUgaGVhcmQgdGhhdCB5b3Ugc2hvdWxkIGFsd2F5cyBwbGFjZSBlbmRpbmcgcHVuY3R1YXRpb24gaW5zaWRlIG9mIHF1b3Rlcywgbm8gbWF0dGVyIHdoYXQuICA8L3A+Cgo8cD5BcmUgdGhlcmUgYW55IGNhc2VzIHdoZXJlIGl0IGlzIGFwcHJvcHJpYXRlIGZvciBhIHNlbnRlbmNlIHRvIGVuZCB3aXRoIDxjb2RlPiIuPC9jb2RlPj88L3A+Cg==,16,2085,2013-02-03T12:42:40.940,2013-02-03T12:42:40.940,SXMgaXQgZXZlciBhY2NlcHRhYmxlIGZvciBhIHBlcmlvZCB0byBjb21lIGFmdGVyIGEgcXVvdGUgYXQgdGhlIGVuZCBvZiBhIHNlbnRlbmNlPw==,<grammaticality><punctuation><quotation-marks>,6,4,7
2,,2010-08-05T19:59:54.760,14,,PHA+Qm90aCAiZnJlc2htZW4iIGFuZCAiZnJlc2htYW4gc3R1ZGVudHMiIGFyZSBjb3JyZWN0LCBidXQgImZyZXNobWVuIHN0dWRlbnRzIiBpcyB3cm9uZy4gSSB0aGluayAiZnJlc2htZW4iIGlzIHRoZSBvZmZpY2lhbCB0ZXJtLjwvcD4K,36,,,2010-08-05T19:59:54.760,,,,5,
2,,2010-08-05T20:06:49.567,36,,PHA+SGVyZSBpcyBhIDxhIGhyZWY9Imh0dHA6Ly93d3cuZ3JhbW1hcm11ZGdlLmNpdHlzbGlkZS5jb20vYXJ0aWNsZXMvYXJ0aWNsZS8xMDI2NTEzLzg5MTMuaHRtIj5nb29kIGRlc2NyaXB0aW9uPC9hPiBvZiB3aGVuIHRvIHVzZSBzaGFsbDo8L3A+Cgo8YmxvY2txdW90ZT4KICA8cD4uLi5zaGFsbCBpcyB1c2VkIGZvciB0aGUgZnV0dXJlIHRlbnNlCiAgd2l0aCB0aGUgZmlyc3QtcGVyc29uIHByb25vdW5zIEkgYW5kCiAgV2U6ICBJIHNoYWxsLCB3ZSBzaGFsbC4gIFdpbGwgaXMgdXNlZAogIHdpdGggdGhlIGZpcnN0LXBlcnNvbiAoYWdhaW4sIEkgcmVmZXIKICB0byB0cmFkaXRpb25hbCB1c2FnZSkgb25seSB3aGVuIHdlCiAgd2lzaCB0byBleHByZXNzIGRldGVybWluYXRpb24uICBUaGUKICBvcHBvc2l0ZSBpcyB0cnVlIGZvciB0aGUgc2Vjb25kLXBlcnNvbgogICh5b3UpIGFuZCB0aGlyZC1wZXJzb24gKGhlLCBzaGUsIGl0LAogIHRoZXkpIHByb25vdW5zOiAgV2lsbCBpcyB1c2VkIGluIHRoZQogIGZ1dHVyZSB0ZW5zZSwgYW5kIHNoYWxsIGlzIHVzZWQgb25seQogIHdoZW4gd2Ugd2lzaCB0byBleHByZXNzIGRldGVybWluYXRpb24KICBvciB0byBlbXBoYXNpemUgY2VydGFpbnR5LjwvcD4KPC9ibG9ja3F1b3RlPgoKPHA+SG93ZXZlciwgZ3Jvd2luZyB1cCBhcyBhIG5hdGl2ZSBBbWVyaWNhbiBzcGVha2VyIGluIENvbG9yYWRvLCBJIG5ldmVyIHVzZWQgInNoYWxsIiBpbiBub3JtYWwgc3BlZWNoLiBIb3dldmVyLCBJIGJlbGlldmUgaW4gcXVlc3Rpb25zIGl0IGhhcyBiZWNvbWUgbW9yZSBjb21tb24sIGUuZy4gPGVtPlNoYWxsIHdlIGdvPzwvZW0+IGJ1dCBhbiBBbWVyaWNhbiBuYXRpdmUgc3BlYWtlciBzYXlpbmcgZS5nLiAiSSBzaGFsbCBkbyB0aGF0IGZvciB5b3UiIHdpbGwgYWxtb3N0IGFsd2F5cyBzb3VuZCBhZmZlY3RlZCBvciBjb25ub3RlIGEgU2hha2VzcGVhcmVhbiBjb250ZXh0LiBJIG9mdGVuIGhhdmUgd29uZGVyZWQgaW4gd2hpY2ggcGFydHMgb2YgdGhlIHdvcmxkIChFbmdsYW5kPykgYW5kIHdoaWNoIHNvY2lhbCBlY2hlbG9ucyB1c2luZyAic2hhbGwiIGluIHN0YXRlbWVudHMgaXMgYWN0dWFsbHkgc3RpbGwgcHJhY3RpY2VkIGJ5IG5hdGl2ZSBzcGVha2Vycy4gICAgICAgIDwvcD4K,30,,2013-06-26T12:56:03.730,2013-06-26T12:56:03.730,,,,8,
2,,2010-08-05T20:07:19.330,26,,PHA+UHVuY3R1YXRpb24gaW5zaWRlIHF1b3RlcyBpcyBhIHJ1bGUgdGhhdCB3YXMgaW52ZW50ZWQgYnkgQW1lcmljYW4gcHVibGlzaGVycyBhbmQgaXMgbm90IG5lY2Vzc2FyaWx5IGZvbGxvd2VkIGVsc2V3aGVyZS4gIFRoZSBvcmlnaW5hbCByZWFzb24gaGFkIHRvIGRvIHdpdGggdHlwZXNldHRpbmcgbWVjaGFuaWNzIGFuZCBpcyBvYnNvbGV0ZS4gIEFsc28sIGlmIHlvdSdyZSBwcmVwYXJpbmcgdGVjaG5pY2FsIHRleHRzIHN1Y2ggYXMgYWJvdXQgY29tcHV0ZXIgcHJvZ3JhbW1pbmcsIHRoaXMgY2FuIHJlc3VsdCBpbiB0ZWNobmljYWxseSBpbmNvcnJlY3QgbWF0ZXJpYWwuICBJbiBwcmFjdGljZSwgeW91IGFyZSBhdCB0aGUgbWVyY3kgb2Ygd2hvZXZlciBpcyBlZGl0aW5nIG9yIGdyYWRpbmcgeW91ciBtYXRlcmlhbC4gIEJ1dCB0byBhbnN3ZXIgeW91ciBxdWVzdGlvbiwgaXQgY2FuIGNlcnRhaW5seSBiZSAiYWNjZXB0YWJsZSIgaW4gbWFueSBwYXJ0cy48L3A+Cg==,21,,,2010-08-05T20:07:19.330,,,,6,
2,,2010-08-05T20:10:09.683,3,,PHA+SSBiZWxpZXZlIHRoYXQgdGhlIGNhcGl0YWxpemF0aW9uIG9mIGEgdGl0bGUgZGVwZW5kcyBvbiB0aGUgbWVkaXVtLiBJbiBhIGZvcm1hbCBtZWRpdW0gc3VjaCBhcyBhbiBhY2FkZW1pYyBwYXBlciwgdGhlIGZpcnN0IHdvcmQgYW5kIGFsbCB3b3JkcyBvdGhlciB0aGFuIGFydGljbGVzICgiYSIsICJ0aGUiLCBldGMuKSBhbmQgcHJlcG9zaXRpb25zICgib2YiLCAidW5kZXIiLCAiYWJvdXQiLCBldGMuKSBzaG91bGQgYmUgY2FwaXRhbGl6ZWQuIEhvd2V2ZXIsIGluIG1vcmUgY2FzdWFsIHNpdHVhdGlvbnMgKHN1Y2ggYXMgd2ViIGxvZ3MgYW5kIFEmYW1wO0Egc2l0ZXMpLCBvbmx5IHRoZSBmaXJzdCBsZXR0ZXIgbXVzdCBiZSBjYXBpdGFsaXplZC4gUGVyc29uYWxseSwgSSBwcmVmZXIgdG8gY2FwaXRhbGl6ZSBvbmx5IHRoZSBmaXJzdCBsZXR0ZXIgb2YgbXkgaGVhZGVycyB0byBpbmNyZWFzZSB0aGVpciByZWFkYWJpbGl0eS48L3A+Cg==,36,,,2010-08-05T20:10:09.683,,,,0,
2,,2010-08-05T20:10:27.763,8,,PHA+VGhhdCdzIHRoZSBzb3J0IG9mIG5vbnNlbnNlIHVwIHdpdGggd2hpY2ggeW91IHNob3VsZCBub3QgcHV0LjwvcD4K,21,,,2010-08-05T20:10:27.763,,,,9,
2,,2010-08-05T20:13:44.420,19,,PHA+VG8gYW4gQW1lcmljYW4gZWFyLCBpdCBzb3VuZHMgYXdrd2FyZCwgYnV0IGluIEJyaXRpc2ggRW5nbGlzaCwgdGhpcyBpcyBub3QgdW5jb21tb24uICBJcm9uaWNhbGx5LCBhIEJyaXQgd2lsbCBwcm9iYWJseSB0ZWxsIHlvdSB0aGF0IHRoZSBjb3JyZWN0IGZvcm0gaXMgIkkgaGF2ZSA8ZW0+Z290PC9lbT4gYSBzbWFsbCBkb2ciLjwvcD4K,21,,,2010-08-05T20:13:44.420,,,,9,
2,,2010-08-05T20:15:21.717,6,,PHA+VGhlcmUgaXMgbm8gdW5pdmVyc2FsIHN0YW5kYXJkLCBidXQgdmFyaW91cyBzdHlsZSBndWlkZXMgZ2VuZXJhbGx5IHN0YXRlIHRoYXQgcHJlcG9zaXRpb25zICg8ZW0+YXQ8L2VtPiwgPGVtPm9uPC9lbT4sIDxlbT5ieTwvZW0+LCA8ZW0+aW48L2VtPiwgPGVtPm9mPC9lbT4sIDxlbT50bzwvZW0+LCBldGMuKSBhcnRpY2xlcyAoPGVtPmE8L2VtPiwgPGVtPmFuPC9lbT4sIDxlbT50aGU8L2VtPikgYW5kIGNvbmp1bmN0aW9ucyAoPGVtPmlmPC9lbT4sIDxlbT5hbmQ8L2VtPiwgPGVtPm9yPC9lbT4sIDxlbT5idXQ8L2VtPikgYXJlIG5vdCBjYXBpdGFsaXplZCB1bmxlc3Mgb25lIGlzIHRoZSBmaXJzdCB3b3JkLjwvcD4KCjxwPkkgaGF2ZSBhbHNvIGhlYXJkIG9mIHJ1bGVzIHdoZXJlIGFsbCBvbmUgYW5kIHR3by1sZXR0ZXIgd29yZHMgYXJlIG5vdCBjYXBpdGFsaXplZCwgc28gYSBwcmVwb3NpdGlvbiBsaWtlICdhdCcgaXMgbm90IGNhcGl0YWxpemVkLCBidXQgJ2Fib3V0JyBvciAndW5kZXInIHdvdWxkIGJlLjwvcD4K,31,,,2010-08-05T20:15:21.717,,,,0,
2,,2010-08-05T20:22:12.313,3,,PHA+IklubmluZyIgaXMgYWN0dWFsbHkgYSBiYWNrLWZvcm1hdGlvbiwgY2F1c2VkIGJ5IHRoZSBtaXN0YWtlbiBiZWxpZWYgdGhhdCAiaW5uaW5ncyIgd2FzIGEgb25seSBhIHBsdXJhbCAoYW5kIHBvc3NpYmx5IGJ5IHRoZSBnZW5lcmFsIEFtZXJpY2FuIHRlbmRlbmN5LCB0byBzaW1wbGlmeSBzcGVsbGluZyAtLSBlLmcuIGRyb3BwaW5nIHRoZSAndScgZnJvbSAiY29sbyh1KXIiKS4gPC9wPgoKPHA+QnV0ICJpbm5pbmdzIiBpcyBhY3R1YWxseSBzaW5ndWxhciBhcyB3ZWxsIGFzIHBsdXJhbCwgYW5kIGhhcyBiZWVuIHVzZWQgYXMgc3VjaCBzaW5jZSBhdCBsZWFzdCB0aGUgZWFybHkgMTcwMHMuPC9wPgo=,7,,,2010-08-05T20:22:12.313,,,,1,
2,,2010-08-05T20:22:13.437,6,,PHA+UHJlcG9zaXRpb25zIGVuZCB1cCBhdCB0aGUgZW5kIG9mIHNlbnRlbmNlcyB0aGF0IGFyZSB1c2luZyBwaHJhc2FsIHZlcmJzLCB0aGF0IGlzIGEgdmVyYiBwbHVzIGEgcHJlcG9zaXRpb24gd2hlcmUgdGhlIHByZXBvc2l0aW9uIGlzbid0IHN0YXJ0aW5nIGEgcHJlcG9zaXRpb25hbCBwaHJhc2UuICBQaHJhc2FsIHZlcmJzIGFyZSBwZXJmZWN0bHkgb2theSBhbmQgYXJlIHZlcnkgY29tbW9uIGluIEdlcm1hbmljIGxhbmd1YWdlcywgbGVzcyBjb21tb24gaW4gc29tZXRoaW5nIGxpa2UgTGF0aW4uICA8L3A+Cgo8cD48YSBocmVmPSJodHRwOi8vd3d3LmVuZ2xpc2hvbmxpbmUub3JnLmNuL2VuL2V4YW1zLXdvcmsvaWVsdHMtcHJlcGFyYXRpb24tYXJ0aWNsZXMvYXJ0aWNsZS1lbGV2ZW4iIHJlbD0ibm9mb2xsb3ciPkVuZ2xpc2ggaGFzIHNldmVyYWwgcmVnaXN0ZXJzLS1sZXZlbHMgb2YgZm9ybWFsaXR5LS0gYW5kIHBocmFzYWwgdmVyYnMgYXJlIG5vdCBwcmVmZXJyZWQgaW4gZm9ybWFsIEVuZ2xpc2g8L2E+LjwvcD4KCjxwPkFib3ZlIGxpbmsgaXMgPGVtPmRlYWQ8L2VtPiA8YSBocmVmPSJodHRwczovL3dlYi5hcmNoaXZlLm9yZy93ZWIvMjAxMDAzMjMwMDA1MjEvaHR0cDovL3d3dy5lbmdsaXNob25saW5lLm9yZy5jbi9lbi9leGFtcy13b3JrL2llbHRzLXByZXBhcmF0aW9uLWFydGljbGVzL2FydGljbGUtZWxldmVuIiByZWw9Im5vZm9sbG93Ij53YXliYWNrIG1hY2hpbmUgdG8gdGhlIHJlc2N1ZTwvYT4gdW50aWwgdGhleSBnbyBvdXQgb2YgYnVzaW5lc3MuPC9wPgo=,6,6,2013-12-19T16:12:00.427,2013-12-19T16:12:00.427,,,,7,
2,,2010-08-05T20:22:15.230,21,,PHA+SW4gbXkgb3BpbmlvbiB0aGlzIGlzIG9uZSBvZiB0aG9zZSBzdHVmZnkgcnVsZXMgdG91dGVkIGJ5IGdyYW1tYXJpYW5zIHdobyBwcm9iYWJseSBzaG91bGQgaGF2ZSBiZXR0ZXIgdGhpbmdzIHRvIGRvLi4uIFdoZW4geW91IGNhbiBhdm9pZCBpdCwgZG9uJ3QgZW5kIHNlbnRlbmNlcyB3aXRoIHByZXBvc2l0aW9ucywgYnV0IGlmIHJld3JpdGluZyB0aGUgc2VudGVuY2Ugd2lsbCBtYWtlIGl0IGdyYW1tYXRpY2FsbHkgdG9ydHVyZWQsIGl0J3MgYmVzdCB0byBicmVhayB0aGUgcnVsZSBmb3IgdGhlIHNha2Ugb2YgY2xhcml0eS48L3A+Cg==,31,,,2010-08-05T20:22:15.230,,,,5,
2,,2010-08-05T20:22:50.407,84,,PHA+VGhpcyA8YSBocmVmPSJodHRwOi8vd2ViLmFyY2hpdmUub3JnL3dlYi8yMDEzMDExNzIyNTI1Mi9odHRwOi8vd3JpdGVyc2Jsb2NrLmNhL3RpcHMvbW9udGh0aXAvdGlwbWFyOTguaHRtIj5Xcml0ZXIncyBCbG9jazwvYT4gcGFnZSBvbiBjYXBpdGFsaXphdGlvbiBzdW1zIHVwIHRoZSBydWxlcyBpbiBvbmUgcGFnZSB3aGljaCBpcyB0aGUgbW9zdCB1c2VmdWwgdGhhdCBJIGhhdmUgZm91bmQsIGJhc2ljYWxseSB0aGVzZSBydWxlcyBmcm9tIHRoZSA8ZW0+Q2hpY2FnbyBNYW51YWwgb2YgU3R5bGU8L2VtPiBwbHVzIGEgbnVtYmVyIG9mIG1pbm9yIHJ1bGVzIHdoaWNoIGFyZSB3b3J0aCByZWFkaW5nOjwvcD4KCjxvbD4KPGxpPkFsd2F5cyBjYXBpdGFsaXplIHRoZSBmaXJzdCBhbmQgdGhlIGxhc3Qgd29yZC48L2xpPgo8bGk+Q2FwaXRhbGl6ZSBhbGwgbm91bnMsIHByb25vdW5zLCBhZGplY3RpdmVzLCB2ZXJicywgYWR2ZXJicywgYW5kIDxhIGhyZWY9Imh0dHA6Ly9lbi53aWtpcGVkaWEub3JnL3dpa2kvQ29uanVuY3Rpb25fJTI4Z3JhbW1hciUyOSNTdWJvcmRpbmF0aW5nX2Nvbmp1bmN0aW9ucyI+c3Vib3JkaW5hdGUgY29uanVuY3Rpb25zPC9hPiAoImFzIiwgImJlY2F1c2UiLCAiYWx0aG91Z2giLCAiaWYiLCBldGMuKS48L2xpPgo8bGk+TG93ZXJjYXNlIGFsbCBhcnRpY2xlcywgY29vcmRpbmF0ZSBjb25qdW5jdGlvbnMgKCJhbmQiLCAib3IiLCAibm9yIiksIGFuZCBwcmVwb3NpdGlvbnMgcmVnYXJkbGVzcyBvZiBsZW5ndGgsIHdoZW4gdGhleSBhcmUgb3RoZXIgdGhhbiB0aGUgZmlyc3Qgb3IgbGFzdCB3b3JkLiAoTm90ZTogTklWQSBwcmVmZXJzIHRvIGNhcGl0YWxpemUgcHJlcG9zaXRpb25zIG9mIGZpdmUgY2hhcmFjdGVycyBvciBtb3JlICgiYWZ0ZXIiLCAiYW1vbmciLCAiYmV0d2VlbiIpLik8L2xpPgo8bGk+TG93ZXJjYXNlIHRoZSAidG8iIGluIGFuIGluZmluaXRpdmUuPC9saT4KPC9vbD4K,30,-1,2013-03-08T18:25:57.450,2013-03-08T18:25:57.450,,,,7,
2,,2010-08-05T20:23:36.320,0,,PHA+VGVjaG5pY2FsbHksIHRoZXJlJ3Mgbm90aGluZyB3cm9uZyB3aXRoIGl0LCBhbHRob3VnaCBVbmNsZSBNaWtleSBpcyBjb3JyZWN0IHRoYXQgaXQncyByYXJlbHkgYXBwcm9wcmlhdGUgdG8gdXNlIGNvbnRyYWN0aW9ucyBpbiBmb3JtYWwgd3JpdGluZy48L3A+Cgo8cD5UaGUgb25seSByZWFzb24gdGhlIHNlY29uZCBvbmUgc2VlbXMgc3RyYW5nZSBpcyBiZWNhdXNlIG1vc3QgcGVvcGxlIHdvdWxkIHNheSAiVGhleSdyZSBoYXZpbmcgYSBncmVhdCB0aW1lLCIgSSBzdXBwb3NlIGJlY2F1c2UgdGhleSdyZSBpbiB0aGUgbWlkZGxlIG9mIGhhdmluZyBpdC4gSSBoYXZlIHNhaWQsIHRob3VnaCwgIkknZCBhIGdyZWF0IHRpbWUuLi4iIEkganVzdCBoYXBwZW4gdG8gc3BlYWsgdG9vIHF1aWNrbHkuOik8L3A+Cgo8cD5JIGFsc28gc2F5ICJJJ3ZlIGdvdC4uLiIgcmF0aGVyIHRoYW4gIkkgaGF2ZS4iIFdoZW4gSSdtIG5vdCBzcGVha2luZyBpbmNvcnJlY3RseSwgSSBnZW5lcmFsbHkganVzdCBzYXkgIkkndmUuIiBTbywgaXQncyBub3QganVzdCBhIEJyaXRpc2ggdGhpbmcuPC9wPgo=,23,,,2010-08-05T20:23:36.320,,,,3,
2,,2010-08-05T20:24:37.067,24,,PHA+VGhpcyBoZWF2aWx5IGRlcGVuZHMgb24gdGhlIHN0eWxlIGd1aWRlIGluIHVzZTsgdGhleSB1c3VhbGx5IGhhdmUgYSBmYWlybHkgZXhhY3Qgc3BlY2lmaWNhdGlvbi4gIEluIGEgZm9ybWFsIHB1YmxpY2F0aW9uIHlvdSBzaG91bGQgcGVyaGFwcyBpbnF1aXJlIHdoYXQgdGhlIHJlY29tbWVuZGVkIHN0eWxlIGlzLjwvcD4KCjxwPklmIHlvdSBoYXZlIG5vIG92ZXJydWxpbmcgc3R5bGUgZ3VpZGUgdG8gZm9sbG93LCB5b3UgYXJlIGFsbW9zdCBuZXZlciB3cm9uZyBjYXBpdGFsaXppbmcgYSB0aXRsZSBqdXN0IGxpa2UgYSBub3JtYWwgc2VudGVuY2UuICBDb21wYXJlIG5ld3NwYXBlciBoZWFkbGluZXMgZnJvbSB0b2RheTo8L3A+Cgo8cD5OZXcgWW9yayBUaW1lczo8L3A+Cgo8YmxvY2txdW90ZT4KICA8cD5TZW5hdGUgVm90ZXMgdG8gQ29uZmlybSBFbGVuYSBLYWdhbiBmb3IgVS5TLiBTdXByZW1lIENvdXJ0PC9wPgo8L2Jsb2NrcXVvdGU+Cgo8cD5XYXNoaW5ndG9uIFBvc3Q6PC9wPgoKPGJsb2NrcXVvdGU+CiAgPHA+U2VuYXRlIGNvbmZpcm1zIEVsZW5hIEthZ2FuIHRvIFN1cHJlbWUgQ291cnQ8L3A+CjwvYmxvY2txdW90ZT4KCjxwPklmIHlvdSBjYXBpdGFsaXplIG5vcm1hbGx5LCB5b3UgYXJlIGxlc3MgbGlrZWx5IHRvIGJlIGluY29uc2lzdGVudCBvciB3cm9uZy48L3A+Cg==,21,,,2010-08-05T20:24:37.067,,,,1,
2,,2010-08-05T20:29:09.693,12,,PHA+IkJldHdpeHQiIGlzIGFyY2hhaWMgYW5kIGhpZ2hseSBtYXJrZWQgZm9yIEFtZXJpY2FuIEVuZ2xpc2gsIGJ1dCBub3QgdGVjaG5pY2FsbHkgd3JvbmcuPC9wPgoKPHA+IkxlYXJudCIgaXMgbm9uLXN0YW5kYXJkLCBidXQgaW50ZWxsaWdpYmxlIGFuZCBwcm9iYWJseSBub3QgYSBwcm9ibGVtLjwvcD4KCjxwPkkndmUgbmV2ZXIgaGVhcmQgb3Igc2VlbiB0aGUgd29yZCAidHJlYmJsZSIsIGFuZCB3b3VsZCBtYXJrIGl0IGFzIGFuIGVycm9yIGluIGFueSBwaWVjZSBvZiBmb3JtYWwgd3JpdGluZy48L3A+Cg==,48,,,2010-08-05T20:29:09.693,,,,8,
2,,2010-08-05T20:29:30.177,17,,PHA+WWVzLiBTZWUgdGhlIDxhIGhyZWY9Imh0dHA6Ly93d3cuZWNvbm9taXN0LmNvbS9yZXNlYXJjaC9zdHlsZUd1aWRlL2luZGV4LmNmbT9wYWdlPTgwNTcwMSI+RWNvbm9taXN0IHN0eWxlIGd1aWRlPC9hPjo8L3A+Cgo8YmxvY2txdW90ZT4KICA8cD5JZiB0aGUgcXVvdGF0aW9uIGRvZXMgbm90IGluY2x1ZGUgYW55CiAgcHVuY3R1YXRpb24sIHRoZSBjbG9zaW5nIGludmVydGVkCiAgY29tbWFzIHNob3VsZCBwcmVjZWRlIGFueSBwdW5jdHVhdGlvbgogIG1hcmtzIHRoYXQgdGhlIHNlbnRlbmNlIHJlcXVpcmVzLjwvcD4KPC9ibG9ja3F1b3RlPgoKPHA+TW9yZSBhdCB0aGUgPGEgaHJlZj0iaHR0cDovL3d3dy5ndWFyZGlhbi5jby51ay9zdHlsZWd1aWRlL3EjaWQtMzAxNjcwMyI+R3VhcmRpYW4gc3R5bGUgZ3VpZGU8L2E+LjwvcD4K,46,46,2010-08-05T20:37:27.790,2010-08-05T20:37:27.790,,,,2,
2,,2010-08-05T20:30:56.227,6,,PHA+QXMgYW4gZXhhbXBsZSwgaW4gY2FzdWFsIHNwZWVjaCBhbmQgaW5mb3JtYWwgd3JpdGluZyBpdCBpcyBjb21tb24gdG8gc2F5LCAiV2hvIGFyZSB5b3UgZ29pbmcgd2l0aD8iIGJ1dCBpbiBhIHNwZWVjaCBvciBmb3JtYWwgd3JpdGluZyB5b3UgcHJvYmFibHkgd2FudCB0byB1c2UgdGhlIG1vcmUgZ3JhbW1hdGljYWxseSBhY2NlcHRlZCBjb3JyZWN0IGZvcm0gIldpdGggd2hvbSBhcmUgeW91IGdvaW5nPyI8L3A+Cg==,30,30,2010-08-05T20:43:17.107,2010-08-05T20:43:17.107,,,,7,
2,,2010-08-05T20:32:24.257,30,,PGJsb2NrcXVvdGU+CiAgPHA+V2hlbiBpcyBpdCBva2F5IHRvIGVuZCBhIHNlbnRlbmNlIGluIGEgcHJlcG9zaXRpb24/PC9wPgo8L2Jsb2NrcXVvdGU+Cgo8cD5BbnkgdGltZSB5b3UgcGxlYXNlLiBUaGUgInJ1bGUiIGFnYWluc3QgZW5kaW5nIHNlbnRlbmNlcyB3aXRoIGEgcHJlcG9zaXRpb24gaXMgcHNldWRvLUxhdGluIHBpZmZsZSB3aXRoIG5vIHJlbGV2YW5jZSB0byBtb2Rlcm4gRW5nbGlzaCBpbiBhbnkgcmVnaXN0ZXIuPC9wPgo=,48,,,2010-08-05T20:32:24.257,,,,1,
2,,2010-08-05T20:38:40.610,8,,PHA+Rm9ybWFsbHksIDxlbT5taWdodDwvZW0+IGlzIHRoZSBwYXN0IHRlbnNlIG9mIDxlbT5tYXk8L2VtPi4gSW4gc2l0dWF0aW9ucyB3aGVyZSB0aGUgcGFzdCB0ZW5zZSBpcyByZXF1aXJlZCwgb25seSA8ZW0+bWlnaHQ8L2VtPiBtYXkgYmUgdXNlZDo8L3A+Cgo8cD5Db3JyZWN0OjwvcD4KCjxibG9ja3F1b3RlPgogIDxwPkhlIHNhaWQgaGUgbWlnaHQgZ28uPC9wPgo8L2Jsb2NrcXVvdGU+Cgo8cD5TdWJvcmRpbmF0ZSBjbGF1c2VzIGluIEVuZ2xpc2ggbXVzdCBiZSBpbiB0aGUgcGFzdCB0ZW5zZSBpZiB0aGUgbWFpbiBjbGF1c2UgaXMgaW4gdGhlIHBhc3QgdGVuc2UsIHNvIHRoaXMgaXMgY29ycmVjdC48L3A+Cgo8cD5JbmNvcnJlY3Q6PC9wPgoKPGJsb2NrcXVvdGU+CiAgPHA+SGUgc2FpZCBoZSBtYXkgZ28uPC9wPgo8L2Jsb2NrcXVvdGU+Cgo8cD5IZXJlIHlvdSBjYW5ub3QgdXNlIHRoZSBwcmVzZW50IHRlbnNlIDxlbT5tYXk8L2VtPiB3aXRoIHRoZSBwYXN0IHRlbnNlIG1haW4gdmVyYiA8ZW0+c2FpZDwvZW0+LjwvcD4KCjxwPkhvd2V2ZXIsIGluIHRoZSBwcmVzZW50IHRlbnNlIDxlbT5tYXk8L2VtPiBhbmQgPGVtPm1pZ2h0PC9lbT4gY2FuIGJlIHVzZWQgaW50ZXJjaGFuZ2VhYmx5LCBtZWFuaW5nIHRoYXQgYWxsIG9mIHRoZSBmb2xsb3dpbmcgYXJlIGNvcnJlY3Q6PC9wPgoKPGJsb2NrcXVvdGU+CiAgPHA+SGUgc2F5cyBoZSBtYXkgZ28uPGJyIC8+CiAgSGUgc2F5cyBoZSBtaWdodCBnby48YnIgLz4KICBIZSBtYXkgZ28uPGJyIC8+CiAgSGUgbWlnaHQgZ28uPGJyIC8+PC9wPgo8L2Jsb2NrcXVvdGU+Cg==,48,,,2010-08-05T20:38:40.610,,,,4,
2,,2010-08-05T20:38:46.600,11,,PHA+QWN0dWFsbHksIFdpa2lwZWRpYSBzZWVtcyB0byBnaXZlIGEgZ29vZCBhbnN3ZXIgdG8gdGhpcy4gSSB0aGluayBpdCBjYW4gYmUgc3VtbWFyaXplZCBhcyAibW9zdCBwZW9wbGUganVzdCBtYWtlIGl0IHVwIGFzIHRoZXkgZ28uIiA8YSBocmVmPSJodHRwOi8vZW4ud2lraXBlZGlhLm9yZy93aWtpL1F1b3RhdGlvbl9tYXJrcyNUeXBvZ3JhcGhpY2FsX2NvbnNpZGVyYXRpb25zIiByZWw9Im5vZm9sbG93Ij5odHRwOi8vZW4ud2lraXBlZGlhLm9yZy93aWtpL1F1b3RhdGlvbl9tYXJrcyNUeXBvZ3JhcGhpY2FsX2NvbnNpZGVyYXRpb25zPC9hPjwvcD4KCjxwPklmIHlvdSdyZSBhbiBBbWVyaWNhbiwgcGVyaW9kcyBvciBjb21tYXMgYWxtb3N0IGFsd2F5cyBnbyBpbnNpZGUgdGhlIHF1b3RhdGlvbiBtYXJrcy4gSWYgeW91J3JlIEJyaXRpc2gsIHBlcmlvZHMgYW5kIGNvbW1hcyBvbmx5IGdvIGluc2lkZSBpZiB0aGV5J3JlIHBhcnQgb2YgdGhlIGFjdHVhbCBxdW90ZS4gVW5sZXNzIHlvdSdyZSBhIGpvdXJuYWxpc3QsIG9yIHB1Ymxpc2hpbmcgZmljdGlvbi4gVGhlbiB5b3UgZG8gaXQgdGhlIEFtZXJpY2FuIHdheSE8L3A+Cgo8cD5JIHJlYWxseSBkb24ndCBjb25zaWRlciBvbmUgd2F5IG1vcmUgY29ycmVjdCB0aGFuIGFub3RoZXIuIEkgZ3Vlc3MgaXQganVzdCBkZXBlbmRzIG9uIHdoYXQgeW91ciBhdWRpZW5jZSBleHBlY3RzLjwvcD4K,23,11550,2012-01-15T06:46:37.680,2012-01-15T06:46:37.680,,,,2,
1,87,2010-08-05T20:42:36.220,8,538,PHA+SXMgaXQgYmV0dGVyIHRvIHNheTogPC9wPgoKPGJsb2NrcXVvdGU+CiAgPHA+V2hhdCdzIHdyb25nIDxzdHJvbmc+d2l0aDwvc3Ryb25nPiA8ZW0+c29tZXRoaW5nPC9lbT4/IDwvcD4KPC9ibG9ja3F1b3RlPgoKPHA+b3IgPC9wPgoKPGJsb2NrcXVvdGU+CiAgPHA+V2hhdCdzIHdyb25nIDxzdHJvbmc+aW48L3N0cm9uZz4gPGVtPnNvbWV0aGluZzwvZW0+PzwvcD4KPC9ibG9ja3F1b3RlPgo=,49,16040,2015-02-08T15:27:03.880,2015-02-08T15:27:03.880,IldoYXQncyB3cm9uZyBpbi93aXRoIHRoaXMgcXVlc3Rpb24/Ig==,<word-choice><grammaticality><prepositions>,3,0,3
2,,2010-08-05T20:44:31.940,12,,PHA+V2l0aG91dCBrbm93aW5nIHRoZSBjb250ZXh0LCAid2hhdCdzIHdyb25nIHdpdGggc29tZXRoaW5nIiBpcyBjb3JyZWN0LiBUaGUgcXVlc3Rpb24gIldoYXQncyB3cm9uZyBpbiBzb21ldGhpbmciIHNvdW5kcyBsaWtlIGEgcXVlc3Rpb24geW91IHdvdWxkIGhlYXIgaW4gYSBwaGlsb3NvcGh5IGNsYXNzIG9uIGV4aXN0ZW50aWFsaXNtLjwvcD4K,30,,,2010-08-05T20:44:31.940,,,,1,
2,,2010-08-05T20:44:47.510,161,,PHA+QSBwcmVwb3NpdGlvbiBpcyBhIHBlcmZlY3RseSByZWFzb25hYmxlIHdvcmQgdG8gZW5kIGEgc2VudGVuY2Ugd2l0aC4gQWRtb25pdGlvbnMgYWdhaW5zdCBkb2luZyBzbyBhcmUgbm90IHNvbWV0aGluZyBhbnlvbmUgbmVlZHMgcGF5IGhlZWQgdG8uIEl0J3MgdGhlIGtpbmQgb2YgbWFkZS11cCBydWxlIHRoYXQgaXMgbm90IGJhc2VkIG9uIHRoZSByZWFsaXR5IG9mIHRoZSBsYW5ndWFnZSBhbmQgYW5ndWlzaCBvdmVyIGRvaW5nIGl0IGlzIHNvbWV0aGluZyBubyB3cml0ZXIgbmVlZCBzdWZmZXIgZnJvbS4gQW5kIGlmIHlvdSBkb24ndCBiZWxpZXZlIG1lLCA8YSBocmVmPSJodHRwOi8vaXRyZS5jaXMudXBlbm4uZWR1L35teWwvbGFuZ3VhZ2Vsb2cvYXJjaGl2ZXMvMDA0NDU0Lmh0bWwiPmxvb2sgaXQgdXA8L2E+LiA8L3A+Cg==,39,,,2010-08-05T20:44:47.510,,,,6,
1,55,2010-08-05T20:46:46.833,209,38166,PHA+SXMgdGhlcmUgYSBwcm9ub3VuIEkgY2FuIHVzZSBhcyBhIGdlbmRlci1uZXV0cmFsIHByb25vdW4/PC9wPgoKPGJsb2NrcXVvdGU+CiAgPHA+RWFjaCBzdHVkZW50IHNob3VsZCBzYXZlIDxzdHJvbmc+aGlzPC9zdHJvbmc+IHF1ZXN0aW9ucyB1bnRpbCB0aGUgZW5kLjxicj4KICBFYWNoIHN0dWRlbnQgc2hvdWxkIHNhdmUgPHN0cm9uZz5oZXI8L3N0cm9uZz4gcXVlc3Rpb25zIHVudGlsIHRoZSBlbmQuPC9wPgo8L2Jsb2NrcXVvdGU+Cg==,51,300,2012-10-21T14:00:33.293,2015-10-30T22:04:50.030,SXMgdGhlcmUgYSBjb3JyZWN0IGdlbmRlci1uZXV0cmFsLCBzaW5ndWxhciBwcm9ub3VuICgiaGlzIiB2ZXJzdXMgImhlciIgdmVyc3VzICJ0aGVpciIpPyA=,<word-choice><possessive><personal-pronouns><singular-they><gender-neutral>,20,16,86
2,,2010-08-05T20:48:28.003,28,,PHA+SXQgaXMgY29tbW9uIHRvIHdyaXRlLCAiRWFjaCBzdHVkZW50IHNob3VsZCBzYXZlIGhpcyBvciBoZXIgcXVlc3Rpb25zIHVudGlsIHRoZSBlbmQiIG9yIHRvIHZhcnkgaGlzIGFuZCBoZXIgdGhyb3VnaG91dCB5b3VyIHRleHQuIEluIHNwZWVjaCB5b3Ugd2lsbCBvZnRlbiBoZWFyIG5hdGl2ZSBzcGVha2VycyBzYXksICJFYWNoIHN0dWRlbnQgc2hvdWxkIHNhdmUgdGhlaXIgcXVlc3Rpb25zIHVudGlsIHRoZSBlbmQuIjwvcD4K,30,,,2010-08-05T20:48:28.003,,,,2,
1,58,2010-08-05T20:51:07.293,34,24394,PHA+SSd2ZSBzZWVuIGEgY29udHJhY3Rpb24gb2YgdHdvIHdvcmRzLiAgSSBjYW4ndCBzZWUgd2h5IGl0IHdvdWxkbid0IGJlIHBvc3NpYmxlIHRvIGNvbnRyYWN0IHR3aWNlLiAgSXMgaXQgcG9zc2libGUgYW5kIGhvdyBzaG91bGQgaXQgYmUgcHVuY3R1YXRlZD88L3A+Cgo8cD48c3Ryb25nPlVwZGF0ZTwvc3Ryb25nPjogIE9rLCB0byBzdW0gdXAgdGhlIGFuc3dlcnMgc28gZmFyPC9wPgoKPHVsPgo8bGk+VGhpcyBhcHBlYXJzIGluIHNwb2tlbiBCcml0aXNoIGFuZCBBbWVyaWNhbiBFbmdsaXNoPC9saT4KPGxpPkl0IGlzIGZyb20gb25lIG9mIHRoZSBsb3dlciA8YSBocmVmPSJodHRwOi8vZW4ud2lraXBlZGlhLm9yZy93aWtpL1JlZ2lzdGVyXyUyOHNvY2lvbGluZ3Vpc3RpY3MlMjkiPnJlZ2lzdGVycyBvZiBFbmdsaXNoPC9hPjwvbGk+CjxsaT5FdmVuIGlmIHNwb2tlbiB0aGlzIHdheSBzb21ldGltZXMsIGl0IGlzbid0IHJlYWxseSB3cml0dGVuIGFzIGEgZG91YmxlIGNvbnRyYWN0aW9uLCBleGNlcHQgYXMgd3JpdHRlbiBzcGVlY2ggaW4gZmljdGlvbi48L2xpPgo8bGk+QW5kIGZyb20gbXkgb3duIGdvb2dsaW5nIGluIDxhIGhyZWY9Imh0dHA6Ly9lbi53aWt0aW9uYXJ5Lm9yZy93aWtpL0NhdGVnb3J5JTNhRW5nbGlzaF9kb3VibGVfY29udHJhY3Rpb25zIj5XaWt0aW9uYXJ5PC9hPiwgaXQgYXBwZWFycyBtb3N0IHdyaXR0ZW4gZm9ybXMgYXJlIG9sZCBCcml0aXNoIHdvcmRzLCBvZnRlbiBuYXV0aWNhbCBsaWtlIGZvJ2Mnc2xlLjwvbGk+CjwvdWw+Cg==,6,11387,2011-08-01T17:31:13.910,2015-02-22T00:34:09.590,Q2FuIGEgd29yZCBiZSBjb250cmFjdGVkIHR3aWNlIChlLmcuICJJJ3Zlbid0Iik/,<punctuation><contractions>,13,4,7
2,,2010-08-05T20:53:47.150,7,,PHA+VGhlIGV4YW1wbGUgeW91IGdpdmUgaXMgbm90IGRvbmUgaW4gQW1lcmljYW4gRW5nbGlzaC4gWW91IGNhbid0IGNvbnRyYWN0IG5vbi1hdXhpbGlhcnkgImhhdmUiLiAiSSd2ZSBub3QgYSBjbHVlIGlmIHRoaXMgaXMgcG9zc2libGUiIGlzIGFsc28gbm90IGdyYW1tYXRpY2FsIGluIEFtZXJpY2FuIEVuZ2xpc2guIEl0IG1heSBiZSBpbiBCcml0aXNoIEVuZ2xpc2gsIHRob3VnaC48L3A+Cgo8cD5JIGNvcGllZCB0aGlzIGZyb20gYSBjb21tZW50IEkgbGVmdCBiZWxvdywgYmVjYXVzZSBJIHRoaW5rIGl0IGNsYXJpZmllcyB3aGF0IEknbSB0cnlpbmcgdG8gc2F5OjwvcD4KCjxibG9ja3F1b3RlPgogIDxwPkkndmUiIGlzIGEgZmluZSBjb250cmFjdGlvbiwganVzdCBpbiBBbWVyaWNhbiBFbmdsaXNoIHlvdSBjYW4gb25seSB1c2UgaXQgdG8gcmVwbGFjZSAiSSBoYXZlIiB3aGVuICJoYXZlIiBpcyB1c2VkIGFzIGFuIGF1eGlsaWFyeSB2ZXJiIChlLmcuIGluIGNvbmp1bmN0aW9uIHdpdGggYSBwYXN0IHBhcnRpY2lwbGUpLiAiSSd2ZSBiZWVuIHRoZXJlIiBpcyBPSy4gIkkndmUgYSBkb2ciIGlzIG5vdC4gSW4gdGhlIGV4YW1wbGUgIkkndmVuJ3QgYSBjbHVlIuKAlCJJIGhhdmVuJ3QgYSBjbHVlIiwgdGhlIHZlcmIgImhhdmUiIGlzIG5vdCBhdXhpbGlhcnksIHNvIGl0IGNhbid0IGJlIGNvbnRyYWN0ZWQgd2l0aCB0aGUgcHJvbm91biAiSSIuPC9wPgo8L2Jsb2NrcXVvdGU+Cg==,39,39,2010-08-05T23:17:58.710,2010-08-05T23:17:58.710,,,,6,
2,,2010-08-05T20:56:40.670,250,,PHA+PGEgaHJlZj0iaHR0cDovL2VuLndpa2lwZWRpYS5vcmcvd2lraS9TaW5ndWxhcl90aGV5Ij5TaW5ndWxhciB0aGV5PC9hPiBlbmpveXMgYSBsb25nIGhpc3Rvcnkgb2YgdXNhZ2UgaW4gRW5nbGlzaCBhbmQgY2FuIGJlIHVzZWQgaGVyZTogIkVhY2ggc3R1ZGVudCBzaG91bGQgc2F2ZSB0aGVpciBxdWVzdGlvbnMgdW50aWwgdGhlIGVuZC4iPC9wPgoKPHA+SG93ZXZlciwg4oCcc2luZ3VsYXIgPGVtPnRoZXk8L2VtPuKAnSBhbHNvIGVuam95cyBhIGxvbmcgaGlzdG9yeSBvZiBjcml0aWNpc20uIElmIHlvdSBhcmUgYW54aW91cyBhYm91dCBiZWluZyBjcml0aWNpemVkIChmb3Igd2hhdCBpcyBpbiBmYWN0IGEgcGVyZmVjdGx5IGdyYW1tYXRpY2FsIGNvbnN0cnVjdGlvbikgSSB3b3VsZCBhZHZpc2UgcmV3b3JkaW5nIHRvIGF2b2lkIGhhdmluZyB0byB1c2UgYSBnZW5kZXItbmV1dHJhbCBzaW5ndWxhciB0aGlyZC1wZXJzb24gcHJvbm91bi4gPC9wPgoKPHA+U29tZSByZXdvcmRpbmcgc3RyYXRlZ2llcyB0aGF0IGNhbiBiZSBlbXBsb3llZDo8L3A+Cgo8dWw+CjxsaT5Vc2UgYSBwbHVyYWwgbm91bjogPGVtPlN0dWRlbnRzIHNob3VsZCBzYXZlIHRoZWlyIHF1ZXN0aW9ucyB1bnRpbCB0aGUgZW5kLjwvZW0+PC9saT4KPGxpPlVzZSB0aGUgZm9ybWFsIDxlbT5vbmU8L2VtPjogPGVtPk9uZSBzaG91bGQgc2F2ZSBvbmUncyBxdWVzdGlvbnMgdW50aWwgdGhlIGVuZC48L2VtPjwvbGk+CjxsaT5Vc2UgPGVtPmhpcyBvciBoZXI8L2VtPjogPGVtPkVhY2ggc3R1ZGVudCBzaG91bGQgc2F2ZSBoaXMgb3IgaGVyIHF1ZXN0aW9ucyB1bnRpbCB0aGUgZW5kPC9lbT48L2xpPgo8L3VsPgo=,39,39,2012-03-08T23:53:46.973,2012-03-08T23:53:46.973,,,,21,
1,83,2010-08-05T20:57:34.770,106,18714,PHA+SSBjYW4gbmV2ZXIgZmlndXJlIG91dCB3aGV0aGVyIEkgc2hvdWxkIHVzZSA8ZW0+d2hvPC9lbT4gYW5kIDxlbT53aG9tPC9lbT4uIE1vc3QgcGVvcGxlIHVzZSA8ZW0+d2hvPC9lbT4gZm9yIGJvdGggY29sbG9xdWlhbGx5LCBidXQgdGhhdOKAmXMgbm90IGNvcnJlY3QuPC9wPgoKPHA+V2hhdOKAmXMgdGhlIHJ1bGUgZm9yIHVzaW5nIDxlbT53aG88L2VtPiBhbmQgPGVtPndob208L2VtPiBjb3JyZWN0bHk/PC9wPgo=,55,2085,2013-02-24T03:19:32.673,2016-02-20T14:35:15.913,V2hhdOKAmXMgdGhlIHJ1bGUgZm9yIHVzaW5nIOKAnHdob+KAnSBhbmQg4oCcd2hvbeKAnSBjb3JyZWN0bHk/,<pronouns><object><case><interrogatives><whom>,9,5,40
1,62,2010-08-05T21:01:33.310,11,4198,PHA+V2hlbiBJIHdhcyBncm93aW5nIHVwLCBpZiBJIGV2ZXIgc2FpZCBzb21ldGhpbmcgc2ltaWxhciB0byAiQ2FuIEkgZ28gdG8gdGhlIHN0b3JlIHdpdGggSm9lPyIsIG15IG1vbSB3b3VsZCBjb3JyZWN0IG1lIHdpdGggIk1heSBJIGdvIHRvIHRoZSBzdG9yZSB3aXRoIEpvZT8iLjwvcD4KCjxwPklzICJNYXkgST8iIHRoZSB0eXBpY2FsIHdheSB0byBhc2sgYSBxdWVzdGlvbiBwb2xpdGVseSBvciBpcyB0aGlzIGp1c3Qgc3BlY2lmaWMgdG8gd2hlcmUgSSBncmV3IHVwIG9yIHdoYXQgbXkgbW9tIGxlYXJuZWQ/PC9wPgo=,55,10041,2011-07-11T15:20:42.843,2011-07-11T15:20:42.843,SG93IGRvIEkgYXNrIGEgcXVlc3Rpb24gcG9saXRlbHk/,<modal-verbs><politeness>,3,0,2
2,,2010-08-05T21:03:30.467,14,,PHA+VGhpcyBpcyBub3QgdGhlIGhpZ2hlc3QgcmVnaXN0ZXIsIGJ1dCB5b3UgbWF5IGhlYXIgaXQgaW4gc3BlZWNoLiBOYXRpdmUgc3BlYWtlcnMgdGVuZCB0byBzbHVyIHdvcmRzIHRvZ2V0aGVyIGFuZCBsZWF2ZSBvdXQgc291bmRzIGV2ZW4gaWYgdGhleSB3b3VsZG4ndCB3cml0ZSB0aGF0IHdheS48L3A+Cgo8cD5Eb3VibGUgY29udHJhY3Rpb25zIGFyZSBub3QgdXNlZCBpbiB3cml0aW5nLiBUaGV5IG1heSBiZSBncmFtbWF0aWNhbGx5IGNvcnJlY3QsIGJ1dCBhIHByb2Zlc3NvciB3b3VsZCBub3QgYWxsb3cgeW91IHRvIHVzZSB0aGVtIGluIGFuIGVzc2F5LiBUeXBpY2FsbHksIGV2ZW4gc2luZ2xlIGNvbnRyYWN0aW9ucyBhcmUgYXZvaWRlZCBpbiBmb3JtYWwgd3JpdGluZy48L3A+Cg==,55,300,2014-04-25T19:48:06.980,2014-04-25T19:48:06.980,,,,9,
2,,2010-08-05T21:04:53.087,3,,PHA+V2hpbGUgYW5kIHdoaWxzdCBhbm5veSBtZS4gU2FtZSBnb2VzIGZvciBhbW9uZyBhbmQgYW1vbmdzdC4gQXMgZmFyIGFzIEknbSBjb25jZXJuZWQsIHRoZSBudW1iZXIgb25lIHJ1bGUgc2hvdWxkIGFsd2F5cyBiZSBkb24ndCBvcHQgZm9yIHRoZSA8Y29kZT4tc3Q8L2NvZGU+IGVxdWl2YWxlbnQgc2ltcGx5IGJlY2F1c2UgaXQgc291bmRzIG1vcmUgZGlzdGluZ3Vpc2hlZC48L3A+Cgo8cD5HZW5lcmFsbHksIEkgZmluZCAnd2hpbHN0JyBtb3JlIGJlZml0dGluZyB3aGVuIHByZWNlZGluZyBhIHByZXNlbnQgcGFydGljaXBsZS4gV2l0aCB0aGF0IHNhaWQsIHRoZSBmb2xsb3dpbmcgdGFrZSBvbiB5b3VyIGV4YW1wbGUgc2VlbXMgYSB0YWQgbW9yZSBhZ3JlZWFibGU6PC9wPgoKPGJsb2NrcXVvdGU+CiAgPHA+V2hpbHN0IHdhbGtpbmcgZG93biB0aGUgc3RyZWV0LCB0aGUgc3VuIHdhcyBzaGluaW5nLjwvcD4KPC9ibG9ja3F1b3RlPgo=,54,54,2010-08-06T08:01:58.273,2010-08-06T08:01:58.273,,,,6,
2,,2010-08-05T21:05:17.890,24,,PHA+QXMgSSBsZWFybmVkIGl0LCAibWF5IiBpcyBhYm91dCBwZXJtaXNzaW9uIHdoaWxlICJjYW4iIGlzIGFib3V0IGFiaWxpdHkuPC9wPgoKPHVsPgo8bGk+Ik1heSB3ZSBib3Jyb3cgeW91ciBjYXI/IiAgIDwvbGk+CjxsaT4iQ2FuIHlvdSBzYXkgJ0lyaXNoIHdyaXN0d2F0Y2gnPyI8L2xpPgo8L3VsPgoKPHA+U28geW91ciBtb3RoZXIgd2FzIGNvcnJlY3RpbmcgIkRvIEkgaGF2ZSB0aGUgYWJpbGl0eSB0byBnbyB0byB0aGUgc3RvcmUgd2l0aCBKb2UiIHRvICJEbyBJIGhhdmUgcGVybWlzc2lvbiB0byBnbyB0byB0aGUgc3RvcmUuLi4iPC9wPgo=,58,,,2010-08-05T21:05:17.890,,,,4,
2,,2010-08-05T21:09:45.340,19,,PHA+Ildob20gcmVtYWlucyBpbiBzaWduaWZpY2FudCB1c2UgZm9sbG93aW5nIGEgcHJlcG9zaXRpb24iIGJ1dCB1c2UgaW4gb2JqZWN0aXZlIGNhc2UgaXMgbW9yaWJ1bmQuIDxhIGhyZWY9Imh0dHA6Ly9lbi53aWtpcGVkaWEub3JnL3dpa2kvV2hvXyUyOHByb25vdW4lMjkiPlRoZSBXaWtpcGVkaWEgYXJ0aWNsZSBvbiAid2hvIjwvYT4gaGFzIGEgZGV0YWlsZWQgZXhwbGFuYXRpb24uPC9wPgoKPHA+VGhlIGRlYXRoIG9mICJ3aG9tIiBoYXMgYmVlbiB0cmFja2VkIG9uIExhbmd1YWdlIExvZyBvdmVyIHRoZSB5ZWFycy4gRm9yIGV4YW1wbGUsIDxhIGhyZWY9Imh0dHA6Ly9pdHJlLmNpcy51cGVubi5lZHUvfm15bC9sYW5ndWFnZWxvZy9hcmNoaXZlcy8wMDA3NzcuaHRtbCI+aGVyZTwvYT4gYW5kIDxhIGhyZWY9Imh0dHA6Ly9pdHJlLmNpcy51cGVubi5lZHUvfm15bC9sYW5ndWFnZWxvZy9hcmNoaXZlcy8wMDE0MzcuaHRtbCI+aGVyZTwvYT4uPC9wPgoKPHA+TW9yZSBleGFtcGxlczo8L3A+Cgo8dWw+CjxsaT48YSBocmVmPSJodHRwOi8vaXRyZS5jaXMudXBlbm4uZWR1L35teWwvbGFuZ3VhZ2Vsb2cvYXJjaGl2ZXMvMDA1MDU0Lmh0bWwiPiJJdCdzIGEgbWFkZS11cCB3b3JkIHVzZWQgdG8gdHJpY2sgc3R1ZGVudHMuIjwvYT48L2xpPgo8bGk+PGEgaHJlZj0iaHR0cDovL2l0cmUuY2lzLnVwZW5uLmVkdS9+bXlsL2xhbmd1YWdlbG9nL2FyY2hpdmVzLzAwMDc3OS5odG1sIj4iQXMgZmFyIGFzIEknbSBjb25jZXJuZWQsICd3aG9tJyBpcyBhIHdvcmQgdGhhdCB3YXMgaW52ZW50ZWQgdG8gbWFrZSBldmVyeW9uZSBzb3VuZCBsaWtlIGEgYnV0bGVyLiI8L2E+PC9saT4KPC91bD4K,39,39,2010-08-06T18:42:23.350,2010-08-06T18:42:23.350,,,,3,
2,,2010-08-05T21:11:30.547,7,,PHA+RWl0aGVyIG9mIHlvdXIgc3VnZ2VzdGlvbnMgaXMgYXBwcm9wcmlhdGUgaW4gZm9ybWFsIHdyaXR0ZW4gdGV4dCwgd2l0aCAiaGlzIiBhIG11Y2ggbW9yZSBjb21tb24gZm9ybXVsYXRpb24uICAiVGhlaXIiIGlzIGV2ZW4gbW9yZSBjb21tb24sIGJ1dCBsZXNzIGFjY2VwdGVkIGluIHRoZSBtb3N0IGhpZ2hseSBwZWRhbnRpYyBjb21tdW5pdGllcy48L3A+Cgo8cD5JZiB5b3Ugd2FudCB0byBhdm9pZCB0aGUgcXVlc3Rpb24gYWx0b2dldGhlciwgYXMgbm9oYXQgc3VnZ2VzdHMsIHNpbXBseSBkcm9wIHRoZSBwcm9ub3VuLiAiRWFjaCBzdHVkZW50IHNob3VsZCBzYXZlIHF1ZXN0aW9ucyB1bnRpbCB0aGUgZW5kIiBpcyBwZXJmZWN0bHkgc3RhbmRhcmQuPC9wPgo=,52,,,2010-08-05T21:11:30.547,,,,2,
2,,2010-08-05T21:13:05.180,6,,PHA+SSBkb24ndCB0aGluayB5b3UgY2FuIGdldCBhd2F5IHdpdGggIkkndmVuJ3QiIGluIHdyaXRpbmcgZWl0aGVyLiBIb3dldmVyLCBJIHRoaW5rIEkndmUgcmVhZCAiJ3R3ZXJlbid0LCIgIid0d291bGRuJ3QsIiBhbmQgIid0d2Fzbid0IiBiZWZvcmUuIEknbSBndWVzc2luZywgdGhvdWdoLCB0aGF0IGRvdWJsZSBjb250cmFjdGlvbnMgbGlrZSB0aGF0IGFyZSBuZXZlciB0ZWNobmljYWxseSBjb3JyZWN0LiBDb2xsb3F1aWFsbHkgc3BlYWtpbmcsIGlmIHlvdSdyZSB1bmRlcnN0YW5kYWJsZSwgYW55dGhpbmcgZ29lcy4gPC9wPgo=,23,,,2010-08-05T21:13:05.180,,,,4,
1,70,2010-08-05T21:20:14.927,28,58432,PHA+V2hhdCBpcyB0aGUgZGlmZmVyZW5jZSBiZXR3ZWVuIGEgZ2VydW5kIGFuZCBhIHBhcnRpY2lwbGU/PC9wPgo=,62,4763,2011-04-25T05:42:59.653,2013-01-29T15:23:39.020,V2hhdCdzIHRoZSBkaWZmZXJlbmNlIGJldHdlZW4gYSBnZXJ1bmQgYW5kIGEgcGFydGljaXBsZT8=,<differences><gerund><participle><verb-forms>,3,1,6
2,,2010-08-05T21:24:05.813,5,,PHA+SSBndWVzcyB0aGlzIGlzbid0IGVudGlyZWx5IGZvcm1hbCBzdGFuZGFyZCBFbmdsaXNoLCBidXQgSSdtIHByZXR0eSBzdXJlICJ5J2FsbCdyZSwiICJ5J2FsbCd2ZSwiIGFuZCAieSdhbGwnbGwiIGFyZSBhY2NlcHRlZCBpbiBhcmVhcyB0aGF0IHVzZSAieSdhbGwiIGFzIHRoZSBzZWNvbmQgcGVyc29uIHBsdXJhbC48L3A+Cg==,52,,,2010-08-05T21:24:05.813,,,,1,
2,,2010-08-05T21:25:28.373,9,,PHA+QSBnZXJ1bmQgaXMgdXNlZCBhcyBhIG5vdW4sIGEgcGFydGljaXBsZSBhcyBhbiBhZGplY3RpdmUuPC9wPgoKPHA+PHN0cm9uZz5HZXJ1bmQ6PC9zdHJvbmc+PC9wPgoKPGJsb2NrcXVvdGU+CiAgPHA+VHJhdmVsaW5nIGlzIGZ1bi48L3A+CjwvYmxvY2txdW90ZT4KCjxwPjxzdHJvbmc+UGFydGljaXBsZTo8L3N0cm9uZz48L3A+Cgo8YmxvY2txdW90ZT4KICA8cD5UaGUgdHJhdmVsaW5nIG1hbiBzdG9wcGVkLjwvcD4KPC9ibG9ja3F1b3RlPgoKPHA+VGhlIFB1cmR1ZSBPbmxpbmUgV3JpdGluZyBMYWIgaGFzIGdvb2QgZXhwbGFuYXRpb24gc2hlZXRzIG9uIDxhIGhyZWY9Imh0dHA6Ly9vd2wuZW5nbGlzaC5wdXJkdWUuZWR1L293bC9yZXNvdXJjZS82MjcvMDEvIiByZWw9Im5vZm9sbG93Ij5nZXJ1bmRzPC9hPiBhbmQgPGEgaHJlZj0iaHR0cDovL293bC5lbmdsaXNoLnB1cmR1ZS5lZHUvb3dsL3Jlc291cmNlLzYyNy8wMi8iIHJlbD0ibm9mb2xsb3ciPnBhcnRpY2lwbGVzPC9hPi48L3A+Cg==,30,,,2010-08-05T21:25:28.373,,,,0,
2,,2010-08-05T21:32:28.730,3,,PHA+SSB3b3VsZCBhdm9pZCBkb2luZyB0aGF0IGluIGFueSBzZXJpb3VzIHdyaXRpbmcsIGJ1dCBpZiB5b3UgYXJlIGxvb2tpbmcgZm9yIHdheXMgdG8gZG8gdGhpcyBjcmVhdGl2ZWx5IHRvIGFmZmVjdCBhIHJlZ2lvbmFsIGRpYWxlY3QsIGV0Yy4gSSB3b3VsZCBzdXNwZWN0IGFueSB0ZXh0IGJ5IE1hcmsgVHdhaW4gd291bGQgYmUgYSBnb29kIHNvdXJjZSB0byBmaW5kIGV4YW1wbGVzIG9mIHRoaXMuPC9wPgo=,30,,,2010-08-05T21:32:28.730,,,,0,
2,,2010-08-05T21:34:58.493,20,,PHA+QSBnZXJ1bmQgaXMgYSBmb3JtIG9mIGEgdmVyYiB1c2VkIGFzIGEgbm91biwgd2hlcmVhcyBhIHBhcnRpY2lwbGUgaXMgYSBmb3JtIG9mIHZlcmIgdXNlZCBhcyBhbiBhZGplY3RpdmUgb3IgYXMgYSB2ZXJiIGluIGNvbmp1bmN0aW9uIHdpdGggYW4gYXV4aWxpYXJ5IHZlcmIuPC9wPgoKPHA+SW4gRW5nbGlzaCwgdGhlIHByZXNlbnQgcGFydGljaXBsZSBoYXMgdGhlIHNhbWUgZm9ybSBhcyB0aGUgZ2VydW5kLCBhbmQgdGhlIGRpZmZlcmVuY2UgaXMgaW4gaG93IHRoZXkgYXJlIHVzZWQuIFdoZW4gdXNlZCB3aXRoIGFuIGF1eGlsaWFyeSB2ZXJiICgiaXMgd2Fsa2luZyIpLCBpdCBzZXJ2ZXMgYXMgYSB2ZXJiIGFuZCBpcyB0aGUgcHJlc2VudCBwYXJ0aWNpcGxlLiBXaGVuIHVzZWQgYXMgYW4gYWRqZWN0aXZlICgiYSB3YWxraW5nIGNvbnRyYWRpY3Rpb24iKSBpdCBpcyBhbHNvIGEgcGFydGljaXBsZS4gSG93ZXZlciwgd2hlbiB1c2VkIGFzIGEgbm91biAoIndhbGtpbmcgaXMgZ29vZCBmb3IgeW91IiksIGl0IGlzIGEgZ2VydW5kLjwvcD4KCjxwPlNlZSB0aGUgV2lraXBlZGlhIGFydGljbGVzIG9uIDxhIGhyZWY9Imh0dHA6Ly9lbi53aWtpcGVkaWEub3JnL3dpa2kvR2VydW5kIj5nZXJ1bmQ8L2E+IGFuZCA8YSBocmVmPSJodHRwOi8vZW4ud2lraXBlZGlhLm9yZy93aWtpL1BhcnRpY2lwbGUiPnBhcnRpY2lwbGU8L2E+IGZvciBtb3JlIGRldGFpbHMuPC9wPgo=,39,,,2010-08-05T21:34:58.493,,,,13,
2,,2010-08-05T21:48:13.357,16,,PHA+PGVtPkhlcjwvZW0+IGlzIG5vdCByZWNvbW1lbmRlZCBvciBzdGFuZGFyZC4gPGVtPkhpczwvZW0+IGlzIHN0YW5kYXJkLCB0aG91Z2ggdGhlIHJlY29tbWVuZGVkIHdheSB3b3VsZCBiZSB0byBjaGFuZ2UgIjxzdHJvbmc+RWFjaCBzdHVkZW50PC9zdHJvbmc+IHNob3VsZC4uIiB0byAiPHN0cm9uZz5UaGUgc3R1ZGVudHM8L3N0cm9uZz4gc2hvdWxkLi4uIi4gPC9wPgoKPHA+IjxzdHJvbmc+U3R1ZGVudHM8L3N0cm9uZz4gc2hvdWxkLi4uIiBpcyBtb3JlIGFic3RyYWN0LCBhbmQgcmVmZXJzIHRvIHN0dWRlbnRzIGluIGdlbmVyYWwsIHJhdGhlciB0aGFuIGEgc3BlY2lmaWMgZ3JvdXAgb2Ygc3R1ZGVudHMuPC9wPgo=,62,10041,2012-01-20T18:25:15.903,2012-01-20T18:25:15.903,,,,3,
1,96,2010-08-05T21:54:53.477,104,8569,PHA+V2hlbiBpcyBpdCBhcHByb3ByaWF0ZSB0byB1c2UgPGVtPnRoYXQ8L2VtPiBhcyBvcHBvc2VkIHRvIDxlbT53aGljaDwvZW0+PyAgPC9wPgo=,75,2085,2013-02-24T03:16:30.737,2016-01-23T17:01:50.260,V2hlbiB0byB1c2Ug4oCcdGhhdOKAnSBhbmQgd2hlbiB0byB1c2Ug4oCcd2hpY2jigJ0/,<pronouns><conjunctions><relative-clause><which-that><relative-pronouns>,10,6,45
1,,2010-08-05T21:56:46.440,31,20569,PHA+SSBoYXZlIGhlYXJkIHRoYXQgc3RhcnRpbmcgYSBzZW50ZW5jZSB3aXRoIDxlbT5ob3dldmVyPC9lbT4gaXMgd3JvbmcuIFdoYXQgYXJlIHRoZSBncm91bmRzIGZvciB0aGlzIHZpZXcgYW5kIGlzIGl0IHN0aWxsIGhlbGQgYnkgYSBtYWpvcml0eSBvZiBwZWRhbnRzPzwvcD4KCjxwPlRoZXkgd291bGQgc3VnZ2VzdCBjaGFuZ2luZzwvcD4KCjxibG9ja3F1b3RlPgogIDxwPkhvd2V2ZXIsIHNvbWUgcGVvcGxlIGFyZSBiZWdpbm5pbmcgdG8gZG91YnQgdGhpcy48L3A+CjwvYmxvY2txdW90ZT4KCjxwPnRvPC9wPgoKPGJsb2NrcXVvdGU+CiAgPHA+U29tZSBwZW9wbGUsIGhvd2V2ZXIsIGFyZSDigKY8L3A+CjwvYmxvY2txdW90ZT4KCjxwPm9yPC9wPgoKPGJsb2NrcXVvdGU+CiAgPHA+U29tZSBwZW9wbGUgYXJlLCBob3dldmVyLCBiZWdpbm5pbmcg4oCmPC9wPgo8L2Jsb2NrcXVvdGU+Cg==,60,44619,2014-01-25T15:54:17.490,2014-01-25T15:54:17.490,SXMgaXQgYWNjZXB0YWJsZSB0byBzdGFydCBhIHNlbnRlbmNlIHdpdGgg4oCcaG93ZXZlcuKAnT8=,<grammaticality><word-order><conjunctions><sentence-starts><discourse-markers>,7,1,5
2,,2010-08-05T21:59:29.853,15,,PHA+R2VuZXJhbGx5LCAidGhhdCIgZ29lcyB3aXRoIHJlc3RyaWN0aXZlIGNsYXVzZXMgLSB0aG9zZSB3aGVyZSB0aGUgaW5mb3JtYXRpb24gcHJvdmlkZWQgaW4gdGhlIGNsYXVzZSBpcyBuZWNlc3NhcnkgdG8gaWRlbnRpZnkgdGhlIHN1YmplY3Q6ICJUaGUgYmVlciB0aGF0IGJlbG9uZ3MgdG8gbWUiIChhcyBvcHBvc2VkIHRvIGFsbCBvdGhlciBiZWVycyBpbiB0aGUgd29ybGQpLjwvcD4KCjxwPiJXaGljaCIgZ29lcyB3aXRoIG5vbi1yZXN0cmljdGl2ZSBjbGF1c2VzIC0gdGhvc2Ugd2hpY2ggZ2l2ZSBpbmZvcm1hdGlvbiBidXQgd2hpY2ggZG8gbm90IGRlZmluZSB0aGUgc3ViamVjdDogIlRoZSBiZWVyLCB3aGljaCB3YXMgYSBsaXR0bGUgd2FybSwgd2FzIHN0aWxsIHRhc3R5LiI8L3A+Cg==,58,,,2010-08-05T21:59:29.853,,,,1,
2,,2010-08-05T22:00:27.403,6,,PHA+IlNoYWxsIiBvcmlnaW5hbGx5IGluZGljYXRlZCBvd2luZyB0byBkbyBzb21ldGhpbmcuICJXaWxsIiBvcmlnaW5hbGx5LCBhbmQgc29tZXRpbWVzIHN0aWxsLCBpbmRpY2F0ZXMgYSBkZXNpcmUgdG8gZG8gc29tZXRoaW5nLiBFdmVudHVhbGx5LCB0aGV5IGJvdGggY2FtZSB0byBpbmRpY2F0ZSB0aGUgZnV0dXJlLCBidXQgIndpbGwiIHVzdXJwZWQgdGhlIHBsYWNlIG9mICJzaGFsbCwiIGF0IGxlYXN0IGluIG15IHBhcnQgb2YgVmlyZ2luaWEuIEFzIGZhciBhcyBJIGNhbiB0ZWxsLCAiJ2xsIiBoYXMgc2luY2UgdGFrZW4gdGhlIHBsYWNlIG9mIHdpbGwuIDopPC9wPgoKPHA+RURJVDogU2hvdWxkIGhhdmUgaW5jbHVkZWQgYSBsaW5rIG9yIHR3byB0byBiZWdpbiB3aXRoLCBub3QgdG8gbWVudGlvbiBkb3VibGUtY2hlY2tlZCBteSBhbnN3ZXIuIFdob29wcywgc29ycnkuPC9wPgoKPHA+RXR5bW9sb2d5IG9mICJ3aWxsIjogPGEgaHJlZj0iaHR0cDovL3d3dy5ldHltb25saW5lLmNvbS9pbmRleC5waHA/dGVybT13aWxsIj5odHRwOi8vd3d3LmV0eW1vbmxpbmUuY29tL2luZGV4LnBocD90ZXJtPXdpbGw8L2E+PC9wPgoKPHA+QW5kIGFzIG9wcG9zZWQgdG8gInNoYWxsIjogPGEgaHJlZj0iaHR0cDovL3d3dy5ldHltb25saW5lLmNvbS9pbmRleC5waHA/dGVybT1zaGFsbCI+aHR0cDovL3d3dy5ldHltb25saW5lLmNvbS9pbmRleC5waHA/dGVybT1zaGFsbDwvYT48L3A+Cg==,23,23,2010-08-13T14:06:27.627,2010-08-13T14:06:27.627,,,,5,
2,,2010-08-05T22:00:39.790,107,,PHA+VGhlIGVhc3kgd2F5IHRvIHRlbGwgd2hpY2ggaXMgdGVjaG5pY2FsbHkgY29ycmVjdCBpcyB0byBzdWJzdGl0dXRlIDxlbT5oZTwvZW0+IGFuZCA8ZW0+aGltPC9lbT4gZm9yIDxlbT53aG88L2VtPiBhbmQgPGVtPndob208L2VtPiwgdGhlbiByZWFycmFuZ2UgdGhlIHdvcmQgb3JkZXIgdG8gc2VlIHdoaWNoIHNvdW5kcyByaWdodC4gPC9wPgoKPHA+4oCcV2hvIHdlcmUgeW91IHNwZWFraW5nIHRvP+KAnSBiZWNvbWVzIOKAnFlvdSB3ZXJlIHNwZWFraW5nIHRvIGhl4oCdIOKAlCB3aGljaCBpcyBjbGVhcmx5IGluY29ycmVjdC48L3A+Cg==,67,2085,2013-02-24T03:21:14.563,2013-02-24T03:21:14.563,,,,16,
2,,2010-08-05T22:02:38.430,15,,PHA+SSB0aGluayB0aGlzIGFkdmljZSBjb21lcyBmcm9tIHRoZSAoc29tZXdoYXQgc3RyYW5nZSkgaWRlYSB0aGF0IHNlbnRlbmNlcyBzaG91bGQgaGF2ZSBvbmUgY29tcGxldGUgaWRlYS4gSWYgeW91ciBzZW50ZW5jZSBiZWdpbnMgd2l0aCB0aGUgY29uanVuY3Rpb24gImhvd2V2ZXIiLCB0aGVuIGl0J3MgYW4gZXh0ZW5zaW9uIG9mIHRoZSBpZGVhIGluIHRoZSBwcmV2aW91cyBzZW50ZW5jZSBhbmQgaXMgdGhlcmVmb3JlIG5vdCBhICJjb21wbGV0ZSBpZGVhIi4gVGhlIHNhbWUgcmVhc29uaW5nIGlzIGJlaGluZCBhZHZpY2Ugbm90IHRvIGJlZ2luIHNlbnRlbmNlcyB3aXRoICJvciIgYW5kICJhbmQiLjwvcD4KCjxwPk9mIGNvdXJzZSB0aGlzIGFkdmljZSBpcyBzaWxseSBiZWNhdXNlIHNlbnRlbmNlcyBhbmQgImNvbXBsZXRlIGlkZWFzIiBkb24ndCBhbHdheXMgbGluZSB1cCwgYW5kIHRoZXJlJ3Mgbm8gcmVhc29uIHRoYXQgYSBjb25qdW5jdGlvbiBjYW4ndCBqb2luIGEgc2VudGVuY2Ugd2l0aCB0aGUgcHJldmlvdXMgb25lLjwvcD4K,39,39,2010-08-12T22:29:36.070,2010-08-12T22:29:36.070,,,,3,
2,,2010-08-05T22:06:15.823,29,,PHA+VGhlIEdyYW1tYXIgR2lybCBoYXMgYSA8YSBocmVmPSJodHRwOi8vZ3JhbW1hci5xdWlja2FuZGRpcnR5dGlwcy5jb20vc3RhcnRpbmctYS1zZW50ZW5jZS13aXRoLWhvd2V2ZXIuYXNweCI+Z29vZCBhcnRpY2xlPC9hPiBvbiB0aGlzIHRvcGljLCBiYXNpY2FsbHk6PC9wPgoKPGJsb2NrcXVvdGU+CiAgPHA+SXQgaXMgZmluZSB0byB1c2UgaG93ZXZlciBhdCB0aGUKICBiZWdpbm5pbmcgb2YgYSBzZW50ZW5jZTsgeW91IGp1c3QgbmVlZAogIHRvIGtub3cgd2hlbiB0byB1c2UgYSBjb21tYS48L3A+CjwvYmxvY2txdW90ZT4KCjxwPklmIGl0IG1lYW5zICI8c3Ryb25nPnRvIHdoYXRldmVyIGV4dGVudDwvc3Ryb25nPiIsIGRvbid0IHVzZSBhIGNvbW1hOjwvcD4KCjxibG9ja3F1b3RlPgogIDxwPkhvd2V2ZXIgd3JvbmcgaXQgaXMsIEkgd2lsbCBzYXkgaXQKICBsb3VkIGFuZCBjbGVhcmx5LjwvcD4KPC9ibG9ja3F1b3RlPgoKPHA+SWYgaXQgbWVhbnMgIjxzdHJvbmc+bmV2ZXJ0aGVsZXNzPC9zdHJvbmc+IiwgdXNlIGEgY29tbWE6PC9wPgoKPGJsb2NrcXVvdGU+CiAgPHA+SG93ZXZlciwgSSBkb24ndCBnaXZlIGEgZGFtbi48L3A+CjwvYmxvY2txdW90ZT4K,30,30,2010-08-05T22:13:42.227,2010-08-05T22:13:42.227,,,,4,
2,,2010-08-05T22:06:53.980,5,,PHA+WWVzLiBIb3dldmVyLCBpdCBzaG91bGQgYmUgZG9uZSBzcGFyaW5nbHkuPC9wPgoKPHA+SGVyZSdzIGEgcHJldHR5IGdvb2Qgd3JpdGV1cDo8L3A+Cgo8cD48YSBocmVmPSJodHRwOi8vZ3JhbW1hci5xdWlja2FuZGRpcnR5dGlwcy5jb20vc3RhcnRpbmctYS1zZW50ZW5jZS13aXRoLWhvd2V2ZXIuYXNweCI+aHR0cDovL2dyYW1tYXIucXVpY2thbmRkaXJ0eXRpcHMuY29tL3N0YXJ0aW5nLWEtc2VudGVuY2Utd2l0aC1ob3dldmVyLmFzcHg8L2E+PC9wPgo=,8258,,,2010-08-05T22:06:53.980,,,,1,
2,,2010-08-05T22:07:13.013,3,,PHA+VGhlIGNob2ljZSBvZiBwcmVwb3NpdGlvbnMgZm9yIHRoaXMga2luZCBvZiBleHByZXNzaW9uIGlzIHJlYWxseSBhcmJpdHJhcnkgYW5kIHNvbWV0aW1lcyB2YXJpZXMgYnkgcmVnaW9uLiAgTW9zdCBwZW9wbGUgYXJlIHVzZWQgdG8gdGhlIGV4cHJlc3Npb24gIndyb25nIHdpdGgiIG1lYW5pbmcgYSBkZWZlY3QsIHdoZXJlYXMgd3JvbmcgbWVhbmluZyBpbmNvcnJlY3QgbWlnaHQgdGFrZSAiaW4uIiBGb3IgZXhhbXBsZSwgdGhlIHVzZSBvZiB0aGUgQ3lyaWxsaWMgYWxwaGFiZXQgd291bGQgYmUgd3JvbmcgaW4gdGhpcyBjb250ZXh0LjwvcD4K,67,,,2010-08-05T22:07:13.013,,,,2,
2,,2010-08-05T22:10:00.903,1,,PHA+PHN0cm9uZz5JIHdhcyB0YXVnaHQgdGhhdCBpZiB0aGUgcXVvdGUgaGFzIG1vcmUgdGhhbiBvbmUgc2VudGVuY2UsIHRoZW4geW91IGRvIGl0IGxpa2UgdGhpcywgd2l0aCBhIHBlcmlvZCBpbiBhbmQgYSBwZXJpb2Qgb3V0Ojwvc3Ryb25nPiA8L3A+Cgo8cD5TdGF0ZW1lbnQ6PC9wPgoKPGJsb2NrcXVvdGU+CiAgPHA+SSBvbmNlIGhlYXJkIGEgcXVvdGUgdGhhdCBzYWlkICJTdG9wLiBZb3UgY2FuJ3QgZ28uIElmIHlvdSBnbywgeW91IGNhbid0IHN0b3AuIElmIHlvdSBzdG9wLCB5b3UgY2FuJ3QgZ28uIi4gPC9wPgo8L2Jsb2NrcXVvdGU+Cgo8cD5RdWVzdGlvbjo8L3A+Cgo8YmxvY2txdW90ZT4KICA8cD5JcyB0aGVyZSBhIHF1b3RlIHRoYXQgc2F5cyAiU3RvcC4gWW91IGNhbid0IGdvLiBJZiB5b3UgZ28sIHlvdSBjYW4ndCBzdG9wLiBJZiB5b3Ugc3RvcCwgeW91IGNhbid0IGdvLiI/PC9wPgo8L2Jsb2NrcXVvdGU+Cgo8cD5UaGF0IGlzbid0IGEgcmVhbCBxdW90ZSwgYnkgdGhlIHdheS48L3A+Cgo8cD48c3Ryb25nPklmIGl0IG9ubHkgaGFzIGEgcGhyYXNlLCBvciBpZiBpdCBvbmx5IGhhcyBvbmUgc2VudGVuY2UsIHRoZW4geW91IGRvIGl0IGxpa2UgdGhpczo8L3N0cm9uZz4gPC9wPgoKPHA+U3RhdGVtZW50OjwvcD4KCjxibG9ja3F1b3RlPgogIDxwPkpvaG4gc2FpZCAiR2V0IG91dCBvZiBoZXJlIi48L3A+CjwvYmxvY2txdW90ZT4KCjxwPlF1ZXN0aW9uOjwvcD4KCjxibG9ja3F1b3RlPgogIDxwPkRpZCBKb2huIHNheSAiR2V0IG91dCBvZiBoZXJlIj88L3A+CjwvYmxvY2txdW90ZT4K,62,10041,2011-11-01T20:21:38.267,2011-11-01T20:21:38.267,,,,1,
2,,2010-08-05T22:10:48.420,7,,PHA+IkZpc2ggJ24nIGNoaXBzIiBhbmQgc2ltaWxhciBwaHJhc2VzIHdpdGggIiduJyIgdGVjaG5pY2FsbHkgaGF2ZSBhIGRvdWJsZS1jb250cmFjdGVkICJhbmQuIjwvcD4K,67,,,2010-08-05T22:10:48.420,,,,3,
2,,2010-08-05T22:11:37.080,15,,PHA+VGhpcyBpcyB0YWtlbiBmcm9tIGEgc2l0ZSBjb25jZXJuZWQgd2l0aCBBbGJ1bSB0aXRsZXMsIGJ1dCBjYW4gZWFzaWx5IGJlIGFwcGxpZWQgdG8gb3RoZXIgdGl0bGVzIGFzIHdlbGwuPC9wPgoKPHA+PHN0cm9uZz5Ib3cgc2hvdWxkIEkgY2FwaXRhbGl6ZSBhbGJ1bSB0aXRsZXMgYW5kIGJhbmQgbmFtZXM/PC9zdHJvbmc+PC9wPgoKPHA+UGxlYXNlIHVzZSB0aGUgZm9sbG93aW5nIHN0YW5kYXJkIGd1aWRlbGluZXMgZm9yIGNhcGl0YWxpemluZyBhcnRpc3QgbmFtZXMsIHJlY29yZCBsYWJlbHMsIGFsYnVtIGFuZCBzb25nIHRpdGxlcyBpbiB0aGUgRW5nbGlzaCBsYW5ndWFnZS4gT3RoZXIgcnVsZXMgbWF5IGFwcGx5IHRvIG90aGVyIGxhbmd1YWdlcy48L3A+Cgo8cD5BbGwgdGl0bGVzIHNob3VsZCBiZSBpbiBzdGFuZGFyZCBtaXhlZCBjYXNlLCB3aGVyZSB0aGUgZmlyc3QgbGV0dGVyIG9mIGVhY2ggd29yZCBpcyBjYXBpdGFsaXplZCBhbmQgZm9sbG93ZWQgYnkgbG93ZXIgY2FzZSBsZXR0ZXJzLCBhcyBub3RlZCBiZWxvdzo8L3A+Cgo8b2w+CjxsaT48cD5DYXBpdGFsaXplIGFsbCBub3VucywgdmVyYnMgKGluY2x1ZGluZyBiZSwgYmVlbiwgYW0sIGFyZSwgaXMsIHdhcywgYW5kIHdlcmUpLCBhZHZlcmJzLCBzdWJvcmRpbmF0aW5nIGNvbmp1bmN0aW9ucyAoaW5jbHVkaW5nIGlmIGFuZCBhcyB3aGVuIGl0IGlzIG5vdCB1c2VkIGFzIGEgcHJlcG9zaXRpb24pLCBhZGplY3RpdmVzIChpbmNsdWRpbmcgc28gd2hlbiB1c2VkIGFzIGFuIGFkamVjdGl2ZSksIGFuZCBwcm9ub3VucyAoaW5jbHVkaW5nIGhlLCBzaGUsIHdlLCBhbmQgaXQpLiBFeGFtcGxlczo8L3A+Cgo8dWw+CjxsaT5Mb3ZlIElzIGluIHRoZSBBaXI8L2xpPgo8bGk+SSBBbSB0aGUgV2FscnVzPC9saT4KPGxpPlRoYXQgV2FzIFRoZW4sIFRoaXMgSXMgTm93PC9saT4KPGxpPllvdSBBcmUgU28gQmVhdXRpZnVsPC9saT4KPGxpPlRoaXMgSXMgQXMgR29vZCBBcyBJdCBHZXRzICA8L2xpPgo8L3VsPjwvbGk+CjxsaT48cD5EbyBub3QgY2FwaXRhbGl6ZTo8L3A+Cgo8cD5hLiA8ZW0+QXJ0aWNsZXM6PC9lbT4gYSwgYW4sIHRoZSAodW5sZXNzIHBhcnQgb2YgYW4gYXJ0aXN0J3MgbmFtZSk8L3A+Cgo8dWw+CjxsaT5UaGUgTWFuIFdobyBTb2xkIHRoZSBXb3JsZDwvbGk+CjxsaT5JbiBhIFNhZmUgUGxhY2U8L2xpPgo8bGk+VGhlIEJlc3Qgb2YgVGhlIFRlbXB0YXRpb25zIDwvbGk+CjwvdWw+Cgo8cD5iLiBDb29yZGluYXRpbmcgY29uanVuY3Rpb25zOiBhbmQsIGJ1dCwgb3IsIG5vciwgZm9yLCB5ZXQsIGFuZCBzbzwvcD4KCjx1bD4KPGxpPlJhdHRsZSBhbmQgSHVtPC9saT4KPGxpPkl0J3MgTm93IG9yIE5ldmVyPC9saT4KPGxpPjxwPk5vdGhpbicgYnV0IGEgR29vZCBUaW1lPC9wPgoKPHA+U3BlY2lhbCBOb3RlczogVGhlIHdvcmQgImJ1dCIgY2FuIGZ1bmN0aW9uIGFzIGVpdGhlciBhIGNvbmp1bmN0aW9uLCBwcmVwb3NpdGlvbiwgb3IgYW4gYWR2ZXJiLiBNb3N0IG9mIHRoZSB0aW1lLCBpdCBmdW5jdGlvbnMgYXMgYSBjb25qdW5jdGlvbiBvciBhIHByZXBvc2l0aW9uIGFuZCBzaG91bGQgYmUgbG93ZXJjYXNlLiBNdWNoIGxlc3MgZnJlcXVlbnRseSwgaXQgd2lsbCBmdW5jdGlvbiBhcyBhbiBhZHZlcmIsIGFuZCBzaG91bGQgYmUgY2FwaXRhbGl6ZWQuIEluIHRoYXQgY2FzZSwgdGhlIHdvcmQgImJ1dCIgd2lsbCBpbW1lZGlhdGVseSBmb2xsb3cgYSB2ZXJiICh3aXRob3V0IGEgY29tbWEpLCBhbmQgY2FuIGJlIHJlcGxhY2VkIGJ5IG90aGVyIGFkdmVyYnMgbGlrZSAib25seSIgb3IgImp1c3QiICh3aXRob3V0IGNoYW5naW5nIGFueXRoaW5nIGVsc2Ugb3IgYWRkaW5nIHB1bmN0dWF0aW9uKSBhbmQgd2lsbCBjb252ZXkgdGhlIHNhbWUgbWVzc2FnZTo8L3A+Cgo8dWw+CjxsaT5MaWZlIElzIEJ1dCBhIERyZWFtPC9saT4KPGxpPkFpbid0IEJ1dCBhIEZldyBvZiBVcyBMZWZ0PC9saT4KPGxpPllvdSBBcmUgQnV0IGEgRHJhZnQsIGEgTG9uZyBSZWhlYXJzYWwgZm9yIGEgU2hvdyBUaGF0IFdpbGwgTmV2ZXIgUGxheSA8L2xpPgo8L3VsPgoKPHA+SWYgdGhlIHdvcmQgImJ1dCIgaXMgYmV0dGVyIHJlcGxhY2VkIGJ5IHRoZSB3b3JkICJleGNlcHQiLCBvciBpZiBpdCBpcyB1c2VkIGluIGEgcGhyYXNlIHRoYXQgY29udHJhZGljdHMgdGhlIGZpcnN0IGhhbGYgb2YgdGhlIHNlbnRlbmNlLCBpdCBpcyBub3QgYW4gYWR2ZXJiIGFuZCBzaG91bGQgYmUgbG93ZXJjYXNlLjwvcD4KCjx1bD4KPGxpPkkgS25vdyBZb3UgQXJlIGJ1dCBXaGF0IEFtIEk8L2xpPgo8bGk+SSBEb24ndCBLbm93IFdoYXQgSXQgSXMgYnV0IEkgTGlrZSBJdCA8L2xpPgo8L3VsPjwvbGk+CjwvdWw+Cgo8cD5jLiBTaG9ydCBwcmVwb3NpdGlvbnM6IGFzLCBhdCwgYnksIGZvciwgaW4sIG9mLCBvbiwgdG8sIGZyb208L3A+Cgo8dWw+CjxsaT5MaXZlIGF0IFdvb2RzdG9jazwvbGk+CjxsaT5GYWNlIHRvIEZhY2U8L2xpPgo8bGk+RGVhdGggQ2FiIGZvciBDdXRpZTwvbGk+CjxsaT5QcmV0dHkgaW4gUGluazwvbGk+CjxsaT48cD5Db21lIGluIGZyb20gdGhlIENvbGQgPC9wPgoKPHA+U3BlY2lhbCBOb3RlOiBUaGUgd29yZCAidmVyc3VzIiAoYW5kIGl0cyBhYmJyZXZpYXRlZCBmb3JtICJ2cy4iIG9yICJ2LiIpIGlzIGNvbW1vbmx5IGxlZnQgaW4gbG93ZXIgY2FzZSwgZGVzcGl0ZSBpdHMgYmVpbmcgYSBwcmVwb3NpdGlvbiBvZiBtb3JlIHRoYW4gdGhyZWUgY2hhcmFjdGVycy48L3A+Cgo8dWw+CjxsaT5TcHkgdnMuIFNweTwvbGk+CjxsaT5CaXJkcyB2LiBXb3JtczwvbGk+CjwvdWw+Cgo8cD5TcGVjaWFsIE5vdGU6IFRoZSB3b3JkICJldGNldGVyYSIgKGFuZCBpdHMgYWJicmV2aWF0ZWQgZm9ybSAiZXRjLiIpIGlzIGFsc28gY29tbW9ubHkgbGVmdCBpbiBsb3dlciBjYXNlIHdoZW4gdXNlZCB0byByZXByZXNlbnQgdGhlIHBocmFzZSAiYW5kIHNvIG9uIiBvciAiYW5kIHNvIGZvcnRoIi48L3A+Cgo8dWw+CjxsaT5UaW1lIEFmdGVyIFRpbWUgZXRjLiA8L2xpPgo8L3VsPjwvbGk+CjwvdWw+Cgo8cD5kLiBXaGVuIHVzZWQgdG8gZm9ybSBhbiBpbmZpbml0aXZlOiB0bzwvcD4KCjx1bD4KPGxpPk5vd2hlcmUgdG8gUnVuPC9saT4KPGxpPkhvdyB0byBEaXNtYW50bGUgYW4gQXRvbWljIEJvbWI8L2xpPgo8bGk+U29uZyBJIExvdmUgdG8gU2luZzwvbGk+CjxsaT5SZWFsaXR5IFVzZWQgdG8gQmUgYSBGcmllbmQgb2YgTWluZSA8L2xpPgo8L3VsPjwvbGk+CjxsaT48cD5JZiBhIHRpdGxlIGlzIGJyb2tlbiB1cCBieSBtYWpvciBwdW5jdHVhdGlvbiAoY29sb24sIHF1ZXN0aW9uIG1hcmssIGV4Y2xhbWF0aW9uIG1hcmssIGVtLWRhc2gsIHBhcmVudGhlc2VzLCBvciBxdW90ZXMpLCB0cmVhdCBlYWNoIGRpc3RpbmN0IHBpZWNlIG9mIHRoZSB0aXRsZSBhcyBhIHdob2xlLCBhbmQgYWx3YXlzIGNhcGl0YWxpemUgdGhlIGZpcnN0IGFuZCBsYXN0IHdvcmRzIG9mIGVhY2ggZGl2aXNpb24uPC9wPgoKPHVsPgo8bGk+T3RpcyEgVGhlIERlZmluaXRpdmUgT3RpcyBSZWRkaW5nPC9saT4KPGxpPkluIFRpbWU6IFRoZSBCZXN0IG9mIFIuRS5NLjwvbGk+CjxsaT5JJ20gSnVzdCBhIFNpbmdlciAoSW4gYSBSb2NrICduJyBSb2xsIEJhbmQpIDwvbGk+CjwvdWw+PC9saT4KPGxpPjxwPkluIGNvbXBvdW5kcyBmb3JtZWQgYnkgaHlwaGVucywgY2FwaXRhbGl6ZSBlYWNoIHBhcnQgZXhjZXB0IHdoZXJlIHRoZSBwYXJ0IHdvdWxkIG5vdCBiZSBjYXBpdGFsaXplZCBpZiBpdCB3ZXJlIGEgc2VwYXJhdGUgd29yZC48L3A+Cgo8dWw+CjxsaT5UaGUgR28tR29zPC9saT4KPGxpPkF0IHRoZSBEcml2ZS1JbjwvbGk+CjxsaT5UaGUgQm95IFdpdGggdGhlIFgtUmF5IEV5ZXMgPC9saT4KPC91bD48L2xpPgo8bGk+PHA+T25seSB1c2UgYWxsIGNhcHMgZm9yIGFjcm9ueW1zIG9yIGFiYnJldmlhdGlvbnMgd2hlcmUgY29tbW9uIHVzZSBpcyBhbGwgY2Fwcy48L3A+Cgo8dWw+CjxsaT5SLkUuTS48L2xpPgo8bGk+Ti5XLkEuPC9saT4KPGxpPlIuTy5DLksuIGluIHRoZSBVLlMuQS4gPC9saT4KPC91bD48L2xpPgo8bGk+PHA+Q2FwaXRhbGl6ZSBjb250cmFjdGlvbnMgYW5kIHNsYW5nIGNvbnNpc3RlbnQgd2l0aCB0aGUgcnVsZXMgYWJvdmUgdG8gdGhlIGV4dGVudCB0aGF0IHN1Y2ggY2xlYXJseSBhcHBseS4gRm9yIGV4YW1wbGUsIGRvIG5vdCBjYXBpdGFsaXplIG8nIGZvciAib2YiLCBvciBuJyBmb3IgImFuZCIsIGV0Yy48L3A+Cgo8dWw+CjxsaT5Sb2NrICduJyBSb2xsPC9saT4KPGxpPldpbGwgbycgdGhlIFdpc3A8L2xpPgo8bGk+U3dlZXQgQ2hpbGQgbycgTWluZSA8L2xpPgo8L3VsPjwvbGk+CjxsaT48cD5Qcm9wZXIgbm91bnMgc2hvdWxkIGFsd2F5cyBiZSBjYXBpdGFsaXplZCBhcHByb3ByaWF0ZWx5LiBUaGlzIGluY2x1ZGVzIHBhcnRzIG9mIGJhbmQgbmFtZXMgc2VwYXJhdGVkIGJ5IHRoZSB3b3JkICdhbmQnIChmb3IgZXhhbXBsZSkgd2hlcmUgdGhlIHR3byBwYXJ0cyBjb3VsZCBzdGFuZCBhbG9uZSwgZ3JhbW1hdGljYWxseS48L3A+Cgo8dWw+CjxsaT5OaWNrIENhdmUgYW5kIFRoZSBCYWQgU2VlZHM8L2xpPgo8bGk+RWx2aXMgQ29zdGVsbG8gYW5kIFRoZSBBdHRyYWN0aW9uczwvbGk+CjxsaT5IdWV5IExld2lzIGFuZCBUaGUgTmV3cyA8L2xpPgo8L3VsPjwvbGk+CjxsaT48cD5BbHdheXMgY2FwaXRhbGl6ZSB0aGUgZmlyc3QgYW5kIGxhc3Qgd29yZCBvZiBhIHRpdGxlLCBldmVuIGlmIGl0IHdvdWxkIG90aGVyd2lzZSBiZSBsb3dlcmNhc2UuIEV4YW1wbGVzOjwvcD4KCjx1bD4KPGxpPkJyaW5nIGl0IE9uPC9saT4KPGxpPk9uZSBJcyBGb3I8L2xpPgo8bGk+QW5kIFlvdSBhbmQgSTwvbGk+CjxsaT5UaGUgR3JlYXRlc3QgSGl0cyBPZiA8L2xpPgo8L3VsPjwvbGk+Cjwvb2w+Cgo8cD5bZWRpdF0gRXhjZXB0aW9uczwvcD4KCjxwPkluIHRoZSBjYXNlIHdoZXJlIGFuIGFydGlzdCB1c2VzIGEgbm9uc3RhbmRhcmQgY2FwaXRhbGl6YXRpb24gd2l0aCBhbiBhcnRpc3RpYyBpbnRlbnQsIHRoZSBvcmlnaW5hbCBjYXBpdGFsaXphdGlvbiB1c2VkIGJ5IHRoZSBhcnRpc3Qgc2hvdWxkIGJlIHByZXNlcnZlZC4gRXhhbXBsZXMgaW5jbHVkZSBrLmQuIGxhbmcgKGFydGlzdCksIFllbGxvdyBtWSBza1ljYXB0YWluIChyZWxlYXNlKSwgYW5kICJ0b3VyZXR0ZSdzIiAtIHRyYWNrIDExIG9uIHRoZSByZWxlYXNlIEluIFV0ZXJvLjwvcD4KCjxwPk5vdGUgdGhhdCB0aGVyZSBhcmUgY2FzZXMgaW4gd2hpY2ggdGhlIG5hbWUgb2YgYW4gYXJ0aXN0IG9yIGFsYnVtIC0gb3IgYW4gZW50aXJlIHRyYWNrbGlzdGluZyAtIGlzIHdyaXR0ZW4gZW50aXJlbHkgaW4gdXBwZXJjYXNlIG9yIGxvd2VyY2FzZSBpbiB0aGUgYXJ0IHdoaWNoIGFjY29tcGFuaWVzIGEgcmVsZWFzZS4gVGhlc2UgaW5zdGFuY2VzIGRvIG5vdCBxdWFsaWZ5IGFzIGFuIGV4Y2VwdGlvbiwgYmVjYXVzZSB0aGV5IGRvIG5vdCByZXByZXNlbnQgYXJ0aXN0aWMgaW50ZW50IHJlZ2FyZGluZyBjYXBpdGFsaXphdGlvbiAoaW4gbW9zdCBjYXNlcywgdGhleSBhcmUgd3JpdHRlbiBpbiB0aGlzIG1hbm5lciBmb3IgYWVzdGhldGljIHB1cnBvc2VzIHJlbGF0ZWQgdG8gdGhlIGNvdmVyIGFydCkuIDwvcD4K,75,,,2010-08-05T22:11:37.080,,,,3,
1,103,2010-08-05T22:14:13.020,27,3062,PHA+SG93IGRvZXMgb25lIGNvcnJlY3RseSB1c2UgYSBzZW1pY29sb24/ICBJdCBpcyBwcm9iYWJseSBvbmUgb2YgdGhlIG1vcmUgZGlmZmljdWx0IHB1bmN0dWF0aW9uIG1hcmtzIHRvIG1hc3RlciBpbiBteSBvcGluaW9uLjwvcD4K,75,,2010-09-04T01:39:18.340,2014-09-28T04:19:41.830,SG93IGRvZXMgb25lIGNvcnJlY3RseSB1c2UgYSBzZW1pY29sb24/,<punctuation><semicolon>,7,1,9
2,,2010-08-05T22:14:22.443,-1,,PHA+VGhlIGNvbnNlbnN1cyBvcGluaW9uIGlzIHRoYXQgaXQgbGlrZWx5IGRlcml2ZWQgZnJvbSBhIGpva2V5IGFiYnJldmlhdGlvbiBmb3IgIm9sbCBrb3JyZWN0LCIgd2hpY2ggd2FzIGhpbGFyaW91cyBiYWNrIGluIHRoZSAxOXRoIGNlbnR1cnkuPC9wPgo=,67,,,2010-08-05T22:14:22.443,,,,1,
2,,2010-08-05T22:15:49.947,120,,PHA+U2hvcnQgYW5zd2VyOiBXaGVuIGluIGRvdWJ0LCB1c2UgPGVtPndobzwvZW0+LiBJdCdzIGRpc2NvbmNlcnRpbmcgdG8gaGVhciA8ZW0+d2hvbTwvZW0+IHdoZXJlIDxlbT53aG88L2VtPiBpcyBleHBlY3RlZCwgYnV0IHRoZSB1c2FnZSBvZiA8ZW0+d2hvPC9lbT4gaW4gc2l0dWF0aW9ucyB3aGVyZSBwcmV2aW91c2x5IDxlbT53aG9tPC9lbT4gd2FzIHN0YW5kYXJkIGhhcyBiZWVuIGluY3JlYXNpbmcsIGVzcGVjaWFsbHkgaW4gc3Bva2VuIHVzYWdlLjwvcD4KCjxwPkxvbmdlciBhbnN3ZXI6IFRoZSB0cmFkaXRpb25hbCBydWxlIGlzIHRoYXQgPGVtPndob208L2VtPiB3YXMgdG8gYmUgdXNlZCBpbiB0aGUgIm9iamVjdGl2ZSBjYXNlIi4gV2hhdCB0aGlzIG1lYW5zIGluIHByYWN0aWNlIChpdCdzIGV2ZW4gY29udHJvdmVyc2lhbCB3aGV0aGVyIEVuZ2xpc2ggPGVtPmhhczwvZW0+IGNhc2VzKSwgaXMgdGhhdCB5b3UgIHRyeSB0byBhbnN3ZXIgdGhlIHF1ZXN0aW9uOiBpZiB0aGUgYW5zd2VyIGlzIDxlbT5oZSwgc2hlLCB0aGV5LCBJLCB3ZTwvZW0+LCBldGMuLCB5b3UgdXNlIDxlbT53aG88L2VtPi4gSWYgdGhlIGFuc3dlciBpcyA8ZW0+aGltLCBoZXIsIHRoZW0sIG1lLCB1czwvZW0+LCBldGMuLCB5b3UgdXNlIDxlbT53aG9tPC9lbT4uPC9wPgoKPHA+RXhhbXBsZXM6PC9wPgoKPHVsPgo8bGk+PHA+IlRoZSBtYW4gd2hvIHNwb2tlIHllc3RlcmRheeKApiIsIG5vdCAidGhlIG1hbiB3aG9tIHNwb2tl4oCmIiAoIjxlbT5IZTwvZW0+IHNwb2tlIiBpcyBjb3JyZWN0OyAiPGVtPkhpbTwvZW0+IHNwb2tlIiBpcyBub3QuKTwvcD48L2xpPgo8bGk+PHA+Ildob20gZGlkIHlvdSBzZWU/Iiwgbm90ICJXaG8gZGlkIHlvdSBzZWU/IiAoIkkgc2F3IDxlbT5oaW08L2VtPiIsIG5vdCAiSSBzYXcgPGVtPmhlPC9lbT4iLikgVGhlIGxhdHRlciBpcyBmcmVxdWVudGx5IGNvbW1vbiB0aGVzZSBkYXlzLCB0aG91Z2guPC9wPjwvbGk+CjwvdWw+Cgo8cD5UaGUgTGFuZ3VhZ2UgTG9nIHBvc3RzICg8YSBocmVmPSJodHRwOi8vaXRyZS5jaXMudXBlbm4uZWR1L35teWwvbGFuZ3VhZ2Vsb2cvYXJjaGl2ZXMvMDAwNzc3Lmh0bWwiPjE8L2E+LCA8YSBocmVmPSJodHRwOi8vaXRyZS5jaXMudXBlbm4uZWR1L35teWwvbGFuZ3VhZ2Vsb2cvYXJjaGl2ZXMvMDAxNDM3Lmh0bWwiPjI8L2E+LCA8YSBocmVmPSJodHRwOi8vaXRyZS5jaXMudXBlbm4uZWR1L35teWwvbGFuZ3VhZ2Vsb2cvYXJjaGl2ZXMvMDA1MDU0Lmh0bWwiPjM8L2E+KSBsaW5rZWQgaW4gYW5vdGhlciBhbnN3ZXIsIGFzIHdlbGwgYXMgV2lsbGlhbSBTYWZpcmUgcXVvdGVkIG9uIHRoZSA8YSBocmVmPSJodHRwOi8vZW4ud2lraXBlZGlhLm9yZy93aWtpL1dob18lMjhwcm9ub3VuJTI5Ij5XaWtpcGVkaWEgcGFnZTwvYT4sIHJlY29tbWVuZCBhdm9pZGluZyA8ZW0+d2hvbTwvZW0+IG9yIHJlY2FzdGluZyB5b3VyIHNlbnRlbmNlIGlmIGl0IHNlZW1zIG5lY2Vzc2FyeS48L3A+Cgo8cD5Tb21lb25lIHVzaW5nIDxlbT53aG9tPC9lbT4gaW4gcGxhY2Ugb2YgPGVtPndobzwvZW0+IGlzIGxpa2VseSB0byBiZSBpbnRlcnByZXRlZCBhcyBhIGh5cGVyY29ycmVjdGlvbiBmcm9tIGxpbmd1aXN0aWMgaW5zZWN1cml0eSAoYW5kIEdlb2ZmIFB1bGx1bSBhdCB0aGUgTGFuZ3VhZ2UgTG9nIGFncmVlcyksIHdoaWxlIHVzaW5nIDxlbT53aG88L2VtPiBpbiBwbGFjZSBvZiA8ZW0+d2hvbTwvZW0+IGlzLCBhdCB3b3JzdCwgYmVpbmcgdG9vIGNvbGxvcXVpYWwgKGFuZCBhdCBiZXN0LCBiZWluZyBoaXAgYW5kIGNvb2whKS4gU3VtbWFyeTogaXQncyBnb29kIHRvIGtub3cgd2hpY2ggaXMgd2hpY2ggYW5kIHVzZSB0aGVtIGNvcnJlY3RseSwgYnV0IHdoZW4gaW4gZG91YnQsIHVzZSA8ZW0+d2hvPC9lbT4uPC9wPgo=,77,300,2012-08-11T23:17:29.290,2012-08-11T23:17:29.290,,,,11,
2,,2010-08-05T22:17:09.367,47,,PHA+PGVtPlRoYXQ8L2VtPiBhbmQgPGVtPndoaWNoPC9lbT4gYXJlIGludGVyY2hhbmdlYWJsZSB3aGVuIGludHJvZHVjaW5nIGludGVncmF0ZWQgcmVsYXRpdmUgY2xhdXNlcy4gQWx0aG91Z2ggc29tZSBncmFtbWFyIG1hdmVucyAoaS5lLiwgcGVvcGxlIHdobyBob2xkIGZvcnRoIG9uIHN1Y2ggdG9waWNzIGJ1dCBrbm93IGxpdHRsZSBvciBub3RoaW5nIGFib3V0IGxpbmd1aXN0aWNzKSBhbmQgY29weSBlZGl0b3JzIHdpbGwgaW5zaXN0IG90aGVyd2lzZSwgdGhlIHJ1bGUgaXMgY29tcGxldGVseSBib2d1cy48L3A+Cgo8cD5TZWUsIGZvciBpbnN0YW5jZSwgPGEgaHJlZj0iaHR0cDovL2l0cmUuY2lzLnVwZW5uLmVkdS9+bXlsL2xhbmd1YWdlbG9nL2FyY2hpdmVzLzAwMTQ2MS5odG1sIj5MYW5ndWFnZSBMb2cgb24gPGVtPnRoYXQ8L2VtPiB2cyA8ZW0+d2hpY2g8L2VtPjwvYT4sIHdyaXR0ZW4gYnkgdGhlIGNvLWVkaXRvciBvZiBUaGUgQ2FtYnJpZGdlIEdyYW1tYXIgb2YgdGhlIEVuZ2xpc2ggTGFuZ3VhZ2UuPC9wPgoKPHA+UHJhY3RpY2FsbHkgc3BlYWtpbmcsIGl0IGlzIG5vdCBzb21ldGhpbmcgdGhhdCBhbnkgbm9ybWFsIHBlcnNvbiB3aWxsIGdlbmVyYWxseSBub3RpY2Ugb3IgZm9sbG93IGluIHNwb2tlbiBFbmdsaXNoIGFuZCBpdCdzIGZyZXF1ZW50bHkmbmJzcDvigJQgYW5kIHJpZ2h0bHkmbmJzcDvigJQgaWdub3JlZCBldmVuIGluIGxpdGVyYXJ5IHdyaXRpbmcuIFNvIGV2ZW4gZnJvbSB0aGF0IHBvaW50IG9mIHZpZXcgaXQncyBub3Qgd29ydGggd29ycnlpbmcgYWJvdXQuPC9wPgo=,78,300,2013-02-22T15:59:38.870,2013-02-22T15:59:38.870,,,,10,
1,108,2010-08-05T22:17:20.240,14,1223,PHA+QXBvc3Ryb3BoaWNhbCBxdWVyeTo8L3A+Cgo8dWw+CjxsaT48ZW0+YTwvZW0+KSBCdXllcnMgUmVtb3JzZTwvbGk+CjxsaT48ZW0+YjwvZW0+KSBCdXllciBSZW1vcnNlPC9saT4KPGxpPjxlbT5jPC9lbT4pIEJ1eWVyJ3MgUmVtb3JzZTwvbGk+CjxsaT48ZW0+ZDwvZW0+KSBCdXllcnMnIFJlbW9yc2U8L2xpPgo8L3VsPgoKPHA+TXkgZ3Vlc3MgaXMgPGVtPmI8L2VtPiBvciA8ZW0+YzwvZW0+LCBhcyBpdCBzZWVtcyBsaWtlIGFueSBleGFtcGxlIGlzIHRhbGtpbmcgYWJvdXQgdGhlIHJlbW9yc2Ugb2Ygb25lIHNwZWNpZmljIGJ1eWVyLCBidXQgc2luY2UgaXQgaXMgYSBjb2xsZWN0aXZlIHRlcm0gdGhhdCBoYXBwZW5zIHVuaXZlcnNhbGx5LCBwZXJoYXBzIHRoZSBwb3NzZXNzaXZlIHBsdXJhbCBpcyBhY2N1cmF0ZS4gSSBzdXBwb3NlIHRoZXJl4oCZcyBwb3RlbnRpYWwgdGhhdCBpdOKAmXMgYSBjb250ZXh0LXNlbnNpdGl2ZSBkZWNpc2lvbiwgZGVjaWRpbmcgd2hldGhlciB5b3UgYXJlIHRhbGtpbmcgYWJvdXQgZXhhY3RseSBvbmUgYnV5ZXIgb3IgYWJvdXQgYnV5ZXJzIGluIGdlbmVyYWwuPC9wPgo=,79,31649,2012-12-02T06:19:13.127,2012-12-02T06:19:13.127,V2hhdCBpcyB0aGUgY29ycmVjdCBzcGVsbGluZyBvZiAiYnV5ZXIqIHJlbW9yc2UiPw==,<grammar><punctuation><possessive><apostrophe><idioms>,2,1,2
2,,2010-08-05T22:18:21.283,7,,PHA+VGhlIG9ubHkgdGhpbmcgdGhhdCBnb2VzIGluc2lkZSBxdW90YXRpb24gbWFya3MgaXMgdGhlIHF1b3RhdGlvbi4gSWYgdGhlIHF1b3RhdGlvbiBjb250YWlucyBwdW5jdHVhdGlvbiwgdGhlIHB1bmN0dWF0aW9uIHNob3VsZCBiZSBpbmNsdWRlZCBpbnNpZGUgdGhlIHF1b3RhdGlvbiBtYXJrcy4gSWYgbm90LCB0aGUgcHVuY3R1YXRpb24gaXMgcGVyZmVjdGx5IGZpbmUgb3V0c2lkZSB0aGUgcXVvdGF0aW9uIG1hcmtzLjwvcD4K,8258,,,2010-08-05T22:18:21.283,,,,0,
2,,2010-08-05T22:19:16.447,10,,PHA+VGhlcmUgaXMgbm8gcmF0aW9uYWwsIGxpbmd1aXN0aWNhbGx5IHZhbGlkIHJlYXNvbiBmb3IgdGhpcyBydWxlLiBJdCdzIGp1c3QgYSBjb252ZW50aW9uIHByb211bGdhdGVkIGJ5IG1pc2d1aWRlZCBFbmdsaXNoIHdyaXRpbmcgdGVhY2hlcnMuPC9wPgo=,78,,,2010-08-05T22:19:16.447,,,,0,
2,,2010-08-05T22:25:12.133,31,,PHA+WWVzLCBpdCBpcyBzbyBjb21wbGljYXRlZCB0aGF0IHlvdSB3YW50IGEgPGEgaHJlZj0iaHR0cDovL3RoZW9hdG1lYWwuY29tL2NvbWljcy9zZW1pY29sb24iPmNsZWFyLCBjb25jaXNlLCBhbmQgaHVtb3JvdXMgYnV0IHVzZWZ1bCBleHBsYW5hdGlvbiBsaWtlIHRoaXM8L2E+OjwvcD4KCjxibG9ja3F1b3RlPgogIDxwPldoZW4gZGlub3NhdXJzIGFncmVlIG9uIHNvbWV0aGluZywgdGhleSBvZnRlbiBoaWdoLWZpdmUgb25lIGFub3RoZXI7IGRpbm9zYXVycyBhcmUgYWxsIGFib3V0IGhpZ2gtZml2ZXMuPC9wPgo8L2Jsb2NrcXVvdGU+Cgo8cD5JZiB5b3UnZCB1c2VkIGEgY29tbWEgaW4gdGhpcyBzZW50ZW5jZSwgaXQgd291bGQgaGF2ZSByZXN1bHRlZCBpbiBhIGNvbW1hIHNwbGljZS4gSWYgeW91J2QgdXNlZCBhIHBlcmlvZCwgeW91J2QgbG9zZSB0aGUgY29ubmVjdGlvbiBiZXR3ZWVuIHRoZSB0d28gY2xhdXNlcy48L3A+Cg==,30,,,2010-08-05T22:25:12.133,,,,3,
2,,2010-08-05T22:25:52.337,9,,PHA+SSByZWFkIG9uY2UgdGhhdCAid2hpbHN0IiBpcyBwcmVmZXJyZWQgaWYgeW91IHRoaW5rIHRoYXQgc3RhcnRpbmcgeW91ciBzZW50ZW5jZSB3aXRoICJ3aGlsZSIgY291bGQgY2hhbmdlIHRoZSBtZWFuaW5nLiBDb25zaWRlciB0aGlzIHNlbnRlbmNlOjwvcD4KCjxibG9ja3F1b3RlPgogIDxwPldoaWxlIEkgd2FsayBJIGRvbid0IG9mdGVuIHdoaXN0bGUuPC9wPgo8L2Jsb2NrcXVvdGU+Cgo8cD5UaGF0IGNvdWxkIG1lYW4sICJJIHdhbGssIGJ1dCBJIGRvbid0IG9mdGVuIHdoaXN0bGUiLCBvciBpdCBjb3VsZCBtZWFuICJJIGRvbid0IG9mdGVuIHdoaXN0bGUgd2hpbGUgSSB3YWxrIi4gQ2hhbmdpbmcgaXQgdG86PC9wPgoKPGJsb2NrcXVvdGU+CiAgPHA+V2hpbHN0IEkgd2FsayBJIGRvbid0IG9mdGVuIHdoaXN0bGUuPC9wPgo8L2Jsb2NrcXVvdGU+Cgo8cD5SZW1vdmVzIHRoYXQgYW1iaWd1aXR5LjwvcD4KCjxwPkkgYWRtaXQgdGhhdCB0aGUgc2VudGVuY2UgaXRzZWxmIGlzIHBvb3JseSBjb25zdHJ1Y3RlZCwgYnV0IGl0IGRvZXMgc2hvdyBvbmUgcmVhc29uIHlvdSdkIHVzZSAid2hpbHN0IiBvdmVyICJ3aGlsZSIuPC9wPgo=,80,,,2010-08-05T22:25:52.337,,,,5,
1,106,2010-08-05T22:28:12.397,27,5982,PHA+SG93IGRvIEkga25vdyB3aGVuIHRvIHVzZSA8ZW0+bGF5PC9lbT4gYW5kIHdoZW4gdG8gdXNlIDxlbT5saWU8L2VtPiwgYW5kIHdoYXQgYXJlIHRoZSBkaWZmZXJlbnQgZm9ybXMgb2YgZWFjaCB2ZXJiPyBJJ20gYWx3YXlzIGdldHRpbmcgdGhlbSBjb25mdXNlZC48L3A+Cg==,39,2085,2014-07-10T19:35:09.543,2015-06-15T14:52:54.900,V2hhdCBpcyB0aGUgZGlmZmVyZW5jZSBiZXR3ZWVuICJsYXkiIGFuZCAibGllIj8=,<verbs><differences><confusables><lie-lay-lain-laid>,3,7,13
2,,2010-08-05T22:31:01.067,31,,PHA+VGhlIHZlcmIgPGVtPmxheTwvZW0+IGlzIHRyYW5zaXRpdmUuPC9wPgoKPGJsb2NrcXVvdGU+CiAgPHA+WW91IGxheSBzb21ldGhpbmcgb24gdGhlIHRhYmxlLjwvcD4KPC9ibG9ja3F1b3RlPgoKPHA+VGhlIHZlcmIgPGVtPmxpZTwvZW0+IGlzIGludHJhbnNpdGl2ZS48L3A+Cgo8YmxvY2txdW90ZT4KICA8cD5Zb3UgbGllIG9uIHRoZSB0YWJsZSB3aGVuIHlvdSBhcmUKICBvcGVyYXRlZCB1cG9uLjwvcD4KPC9ibG9ja3F1b3RlPgoKPHA+VGhlIGNvbmZ1c2lvbiBjb21lcyBiZWNhdXNlIHRoZSBwYXN0IHRlbnNlIG9mIDxlbT5saWU8L2VtPiBpcyA8ZW0+bGF5PC9lbT46PC9wPgoKPGJsb2NrcXVvdGU+CiAgPHA+SGUgbGF5IG9uIHRoZSB0YWJsZSBmb3IgdHdvIGhvdXJzIGJlZm9yZSBoZSB3YXMgb3BlcmF0ZWQgdXBvbi48L3A+CjwvYmxvY2txdW90ZT4KCjxwPkZldyBuYXRpdmUgc3BlYWtlcnMgZ2V0IHRoaXMgcmlnaHQuIE1vc3QgcGVvcGxlIHdvdWxkIHNheSwgIkhlIGxhaWQgb24gdGhlIHRhYmxlIGZvciB0d28gaG91cnMuIiBCaWxsIENsaW50b24gY29uc3RhbnRseSBtYWRlIHRoaXMgbWlzdGFrZSBpbiBzcGVlY2hlcy48L3A+Cg==,30,,,2010-08-05T22:31:01.067,,,,8,
2,,2010-08-05T22:34:33.980,25,,PHA+WWVzLCBpdCBkb2VzIGhhcHBlbiB0byBldmVyeW9uZSwgYnV0IHRoZSByZW1vcnNlIGJlbG9uZ3MgdG8gZWFjaCBwZXJzb24gaW5kaXZpZHVhbGx5LiAiQnV5ZXIncyByZW1vcnNlIiBpcyB0aGUgcmVtb3JzZSBleHBlcmllbmNlZCBieSBhIGJ1eWVyLiBTbyB0aGUgYW5zd2VyIGlzIChjKS48L3A+Cgo8cD5XaWtpcGVkaWEgPGEgaHJlZj0iaHR0cDovL2VuLndpa2lwZWRpYS5vcmcvd2lraS9CdXllciUyN3NfcmVtb3JzZSI+YWdyZWVzPC9hPi4gU2ltaWxhcmx5IHRoZSA8YSBocmVmPSJodHRwOi8vd3d3LmFtZXJpY2FuY29ycHVzLm9yZy8iPkNvcnB1cyBvZiBDb250ZW1wb3JhcnkgQW1lcmljYW4gRW5nbGlzaDwvYT4gZ2l2ZXMgMzYgZXhhbXBsZXMgb2YgImJ1eWVyJ3MgcmVtb3JzZSIsIGJ1dCAiYnV5ZXIgcmVtb3JzZSIgaGFzIGp1c3QgMSwgYW5kIHRoZXJlIGFyZSBubyByZXN1bHRzIGZvciBlaXRoZXIgImJ1eWVycycgcmVtb3JzZSIgb3IgImJ1eWVycyByZW1vcnNlIi48L3A+Cg==,39,39,2010-08-06T00:23:37.013,2010-08-06T00:23:37.013,,,,5,
2,,2010-08-05T22:41:53.753,10,,PHA+U2ltcGx5IHB1dCwgYSBzZW1pY29sb24gY29ubmVjdHMgdHdvIGNvbXBsZXRlIHNlbnRlbmNlcyB0aGF0IGFyZSBzdHJvbmdseSByZWxhdGVkLiBCeSBkb2luZyBzbywgdGhlIGxlbmd0aCBvZiB0aGUgcGF1c2UgYmV0d2VlbiB0aGUgdHdvIGlzIHNob3J0ZXIgYXMgY29tcGFyZWQgdG8gYSBwZXJpb2QuPC9wPgoKPHA+SWYgeW91IGFyZSB1bnN1cmUgd2hldGhlciBvciBub3QgdG8gdXNlIGEgc2VtaWNvbG9uLCB0aGUgc2FmZSBiZXQgaXMgdG8gYXZvaWQgaXQ7IHJlcGxhY2UgaXQgd2l0aCBhIHBlcmlvZCBpbnN0ZWFkLiBCZWFyIGluIG1pbmQgdGhhdCB5b3UgY2FuIG5ldmVyIGV4Y2hhbmdlIGEgc2VtaWNvbG9uIHdpdGggYSBjb21tYSBvciB2aWNlIHZlcnNhLjwvcD4K,83,,,2010-08-05T22:41:53.753,,,,3,
2,,2010-08-05T22:52:39.777,5,,PGJsb2NrcXVvdGU+CiAgPHA+bWF5PC9wPgo8L2Jsb2NrcXVvdGU+Cgo8cD5XZSBjYW4gdXNlICdtYXknIHRvIGFzayBmb3IgcGVybWlzc2lvbi4gSG93ZXZlciB0aGlzIGlzIHJhdGhlciBmb3JtYWwgYW5kIG5vdCB1c2VkIHZlcnkgb2Z0ZW4gaW4gbW9kZXJuIHNwb2tlbiBFbmdsaXNoLiBXZSB1c2UgJ21heScgdG8gc3VnZ2VzdCBzb21ldGhpbmcgaXMgcG9zc2libGU8L3A+Cgo8YmxvY2txdW90ZT4KICA8cD5taWdodDwvcD4KPC9ibG9ja3F1b3RlPgoKPHA+V2UgdXNlICdtaWdodCcgdG8gc3VnZ2VzdCBhIHNtYWxsIHBvc3NpYmlsaXR5IG9mIHNvbWV0aGluZy4gT2Z0ZW4gd2UgcmVhZCB0aGF0ICdtaWdodCcgc3VnZ2VzdHMgYSBzbWFsbGVyIHBvc3NpYmlsaXR5IHRoYXQgJ21heScsIHRoZXJlIGlzIGluIGZhY3QgbGl0dGxlIGRpZmZlcmVuY2UgYW5kICdtaWdodCBpcyBtb3JlIHVzdWFsIHRoYW4gJ21heScgaW4gc3Bva2VuIEVuZ2xpc2guPC9wPgoKPHA+PGEgaHJlZj0iaHR0cDovL3d3dy5lbmdsaXNoZ3JhbW1hcnNlY3JldHMuY29tL21heW1pZ2h0L21lbnUucGhwIj5tb3JlLi48L2E+PC9wPgo=,81,,,2010-08-05T22:52:39.777,,,,1,
2,,2010-08-05T22:59:07.523,5,,PHA+SW4gbXkgaGlzdG9yeSBjbGFzcyBsYXN0IHllYXIsIEkgd2FzIHRvbGQgdGhhdCBpdCBvcmlnaW5hdGVkIGZyb20gVVMgUHJlc2lkZW50IE1hcnRpbiB2YW4gQnVyZW4ncyBjYW1wYWlnbiBzbG9nYW4sICJPbGQgS2luZGVyaG9vay4iIEFjY29yZGluZyB0byA8YSBocmVmPSJodHRwOi8vZW4ud2lraXBlZGlhLm9yZy93aWtpL09rYXkjT2xsX0tvcnJlY3QiPldpa2lwZWRpYTwvYT4sIHRoYXQncyBvbmx5IG9uZSB0aGVvcnkuIDxhIGhyZWY9Imh0dHA6Ly93d3cuZXR5bW9ubGluZS5jb20vaW5kZXgucGhwP3Rlcm09T0siPkV0eW1vbmxpbmUgc2F5czwvYT4gdGhhdCAiT2xsIEtvcnJlY3QiIGlzIHRoZSBvcmlnaW4sIGFuZCAiT2xkIEtpbmRlcmhvb2siIGlzIGhvdyBpdCBiZWNhbWUgcG9wdWxhci48L3A+Cg==,23,6006,2011-05-17T14:52:35.913,2011-05-17T14:52:35.913,,,,2,
1,4015,2010-08-05T23:02:05.660,41,48232,PHA+V2hlbiB5b3Ugd2FudCB0byBjb25uZWN0IHR3byBjbG9zZWx5IHJlbGF0ZWQgc2VudGVuY2VzLCB5b3UgY2FuIHVzZSBhIHNlbWljb2xvbiBvciBhIGRhc2guIChZb3UgY2FuIGFsc28gdXNlIGEgZGFzaCBmb3Igb3RoZXIga2luZHMgb2Ygbm9uLXNlbnRlbnRpYWwgcmVsYXRpb25zKS4gSG93IHdvdWxkIHlvdSBjaG9vc2Ugd2hldGhlciB0byB1c2UgYSBzZW1pY29sb24gb3IgZGFzaD88L3A+Cg==,39,11387,2011-08-01T15:32:17.197,2013-01-26T19:55:14.953,U2hvdWxkIEkgdXNlIGEgc2VtaWNvbG9uIG9yIGEgZGFzaCB0byBjb25uZWN0IHR3byBjbG9zZWx5IHJlbGF0ZWQgc2VudGVuY2VzPw==,<punctuation><semicolon><dash>,5,0,14
2,,2010-08-05T23:02:46.003,0,,PHA+TWF5IGFuZCBtaWdodCBhcmUgaGlzdG9yaWNhbGx5IGRpZmZlcmVudCBtb2RhbCB2ZXJicyB3aGljaCBoYXZlIGRyaWZ0ZWQgdG9nZXRoZXIgaW4gbWVhbmluZyBpbiBtb3N0IHR5cGVzIG9mIEVuZ2xpc2guIFRoaXMgaXMgYSB2ZXJ5IGNvbW1vbiBhbmQgbm9ybWFsIHByb2Nlc3MgaW4gYWxsIGxhbmd1YWdlcy4gTWF5IGlzIHN0aWxsIHNvbWV0aW1lcyBzdGlsbCB1c2VkIHRvIGFzayBwZXJtaXNzaW9uLCB0aG91Z2ggdGhhdCB1c2UgaXMgcHJvYmFibHkgZGVjbGluaW5nIGFuZCB5b3UgcmFyZWx5IGhlYXIgaXQgaW4gQW1lcmljYW4gRW5nbGlzaC48L3A+Cg==,78,,,2010-08-05T23:02:46.003,,,,0,
2,,2010-08-05T23:04:17.747,84,,PHA+QW5kIHRvIHJvdW5kIG91dCB0aGUgYW5zd2VycyBoZXJlLCA8c3Ryb25nPm9uZTwvc3Ryb25nPiBpcyBhIHZlcnkgcHJvcGVyIHdheSB0byBlbmNvbXBhc3MgYm90aCBtYWxlIGFuZCBmZW1hbGUgYW50ZWNlZGVudHMuICA8L3A+Cgo8YmxvY2txdW90ZT4KICA8cD5UbyBib2xkbHkgZ28gd2hlcmUgbm8gb25lIGhhcyBnb25lIGJlZm9yZTwvcD4KPC9ibG9ja3F1b3RlPgo=,75,75,2014-07-16T19:09:35.017,2014-07-16T19:09:35.017,,,,14,
2,,2010-08-05T23:08:57.647,16,,PHA+VHlwaWNhbGx5LCBpZiBJJ20gY29ubmVjdGluZyB0d28gY2xvc2VseSByZWxhdGVkIHNlbnRlbmNlcywgSSB1c2UgYSBzZW1pY29sb247IEkgdXNlIGRhc2hlcyBpbiBpbnN0YW5jZXMgd2hlcmUgY29tbWFzIHdvdWxkIGFsc28gYmUgYWNjZXB0YWJsZSZtZGFzaDt1c3VhbGx5IHdoZXJlIGNvbW1hcyB3b3VsZCBiZSBjb25mdXNpbmcmbWRhc2g7b3Igd2hlcmUgcGFyZW50aGVzZXMgd291bGQgYWxzbyBiZSBhY2NlcHRhYmxlLjwvcD4K,88,,,2010-08-05T23:08:57.647,,,,0,
1,122,2010-08-05T23:09:02.997,12,565,PHA+SW4gbW9zdCBsYW5ndWFnZXMsIGdlbmRlciBwbGF5cyBhIG11Y2ggbW9yZSBpbXBvcnRhbnQgcm9sZSB0aGFuIGluIEVuZ2xpc2guIE5ldmVydGhlbGVzcywgaXQgPGVtPmlzPC9lbT4gcG9zc2libGUgdG8gcmVmZXIgdG8gYSBub3VuIHVzaW5nIGl0cyBnZW5kZXIuPC9wPgoKPGJsb2NrcXVvdGU+CiAgPHA+VGhlIHNoaXAgd2FzIGxhdW5jaGVkIG9uIDQgT2N0b2JlciAxODUzLiBUYXlsZXVyIGxlZnQgTGl2ZXJwb29sIG9uIDE5IEphbnVhcnkgMTg1NCwgb24gPHN0cm9uZz5oZXI8L3N0cm9uZz4gbWFpZGVuIHZveWFnZS48L3A+CjwvYmxvY2txdW90ZT4KCjxwPkhvdyBkb2VzIG9uZSBrbm93IHRoYXQgInNoaXAiIGlzIGZlbWluaW5lPyBBcmUgdGhlcmUgbWFzY3VsaW5lIG5vdW5zPzwvcD4K,83,300,2010-10-09T20:30:00.027,2015-04-21T10:29:14.147,V2hlbiByZWZlcnJpbmcgdG8gYSBub3VuLCB3aGVuIGRvZXMgdGhlIGdlbmRlciBtYXR0ZXI/,<nouns><gender>,5,4,3
2,,2010-08-05T23:13:03.973,2,,PHA+SSBhbHdheXMgdGhvdWdodCB0aGlzIHdhcyBhbiBvZGQgYW5kIGFudGlxdWF0ZWQgcnVsZSwgYW5kIGluIGZhY3QgdGhlIDxhIGhyZWY9Imh0dHA6Ly9lbi53aWtpcGVkaWEub3JnL3dpa2kvR2VuZGVyLXNwZWNpZmljX3Byb25vdW4iIHJlbD0ibm9mb2xsb3ciPndpa2kgYXJ0aWNsZTwvYT4gb24gaXQgbWVudGlvbnMgdGhhdCBpdCBpcyB3YW5pbmcgaW4gdXNlLiBJIGRvbid0IGtub3cgYW55IG1hc2N1bGluZSBub3VucyBleGNlcHQgaW4gZmlndXJhdGl2ZSBsYW5ndWFnZS48L3A+Cg==,30,,,2010-08-05T23:13:03.973,,,,0,
2,,2010-08-05T23:23:22.070,13,,PHA+Rmlyc3RseSwgeW91IHNob3VsZCBiZSBhd2FyZSB0aGF0IHRoZXJlIGFyZSB0d28gZGlmZmVyZW50IGtpbmRzIG9mIGRhc2hlczogdGhlIDxlbT5lbjwvZW0+IGRhc2ggYW5kIHRoZSA8ZW0+ZW08L2VtPiBkYXNoLjwvcD4KCjxwPlRoZSBlbSBkYXNoICjigJQ7IGhpc3RvcmljYWxseSwgYW4gZW0gaXMgcHJlY2lzZWx5IHRoZSB3aWR0aCBvZiB0aGUgbGV0dGVyICJNIiwgYnV0IG5vdyBkZWZpbmVkIGJ5IHRoZSBoZWlnaHQgb2YgdGhlIGZvbnQpIGlzIGdlbmVyYWxseSB1c2VkIHRvIGFkZCBhIHBhc3NhZ2UgaW50byB0aGUgbWlkZGxlIG9yIGVuZCBvZiBhIHNlbnRlbmNlLiBUaGlzIGlzIHNpbWlsYXIgdG8gdXNpbmcgcGFyZW50aGVzaXMsIGJ1dCBzaG91bGQgYmUgcmVhZCB3aXRob3V0IGFkZGluZyBhIHBhdXNlLiBNb3Jlb3ZlciwgdGhlIGVtIGRhc2ggaW4gZmFjdCBpbnRlcnJ1cHRzIHRoZSBzZW50ZW5jZSwgc28gbm8gcGF1c2Ugc2hvdWxkIGJlIHVzZWQgYXQgYWxsOyBhbiBpbnRlcnJ1cHRpb24gc2hvdWxkIGJlIGVtcGhhc2l6ZWQuPC9wPgoKPHA+VGhpcyBkYXNoIGlzIGFsc28gb2Z0ZW4gdXNlZCBhcyBhIGRlIGZhY3RvIGludGVycnVwdGlvbjsgZm9yIGV4YW1wbGUgaW4gZGlhbG9nIHdoZW4gdGhlIHNwZWFrZXIgZm9yIHNvbWUgcmVhc29uIGNhbm5vdCBjb250aW51ZS48L3A+Cgo8cD5JbiB1c2UsIHRoZSBlbSBkYXNoIGlzIG5vdCBzdXJyb3VuZGVkIGJ5IHNwYWNlcy4gVGhpcyBpcyBkb25l4oCUbGlrZSB0aGlz4oCUYmVjYXVzZSBpdCBvdGhlcndpc2UgdXNlcyBleGNlc3NpdmUgc3BhY2luZy48L3A+Cgo8cD5Tb21lIHB1Ymxpc2hlcnMgb3Igc3R5bGUgZ3VpZGVsaW5lcyBtYXkgaW5zdGVhZCBwcmVmZXIgdGhlIG5hcnJvd2VyIGVuIGRhc2ggKOKAkzsgYW4gZW4gaGFsZiB0aGUgd2lkdGggb2YgYW4gZW0pLiBUaGlzIGNoYXJhY3RlciBpcyB1c3VhbGx5IOKAkyBhcyBpbiB0aGlzIGV4YW1wbGUg4oCTIHN1cnJvdW5kZWQgYnkgc3BhY2VzLjwvcD4KCjxwPlN1Z2dlc3Rpb25zIG9uIHRoZSB1c2Ugb2Ygc2VtaWNvbG9ucyA8YSBocmVmPSJodHRwOi8vZW5nbGlzaC5zdGFja2V4Y2hhbmdlLmNvbS9xdWVzdGlvbnMvOTIvaG93LWRvZXMtb25lLWNvcnJlY3RseS11c2UtYS1zZW1pY29sb24vMTExIzExMSI+Y2FuIGJlIGZvdW5kIGFzIGFuc3dlcnMgdG8gdGhpcyBxdWVzdGlvbjwvYT4uPC9wPgo=,83,83,2010-08-06T21:50:59.533,2010-08-06T21:50:59.533,,,,6,
2,,2010-08-05T23:24:51.430,8,,PHA+V2VsbCwgZ2VuZGVyIG1hdHRlcnMgd2l0aCBhbmFwaG9ycyAoU3RldmUgc2hhdmVkIGhpbS8qaGVyc2VsZikgYW5kIHByb25vdW5zIHdpdGggYW50ZWNlZGVudHMsIChTdGV2ZSByZXRyaWV2ZWQgaGlzLypoZXIgYm9vaykuPC9wPgoKPHA+VGhlIHNoaXAgZXhhbXBsZSBpcyB2ZXJ5IHJhcmUgaW4gbW9kZXJuIEVuZ2xpc2gsIGFuZCBpcyBwcm9iYWJseSBhIGhvbGRvdmVyIGZyb20gd2hlbiBFbmdsaXNoIGhhZCByZWFsIGdyYW1tYXRpY2FsIGdlbmRlciAoaS5lLiwgd2hlbiBpdCB3YXMgbW9yZSBsaWtlIEdlcm1hbikuPC9wPgo=,78,78,2010-08-17T05:48:12.117,2010-08-17T05:48:12.117,,,,2,
2,,2010-08-05T23:38:41.843,10,,PHA+PGVtPk1pZ2h0PC9lbT4gaXMgYWxzbyB0aGUgcGFzdCBzdWJqdW5jdGl2ZSBvZiA8ZW0+bWF5PC9lbT4uIEJlY2F1c2Ugb2YgdGhpcywgaW4gc29tZSBjYXNlcyB0aGVzZSBhcmVuJ3QgaW50ZXJjaGFuZ2VhYmxlOyBpZiB5b3UncmUgdXNpbmcgdGhlIHN1Ymp1bmN0aXZlIHRvIGZvcm0gYSBmZWVsaW5nIG9mIGNvbmlkaXRpb25hbGl0eSwgPGVtPm1heTwvZW0+IGlzIHJhdGhlciBpbmFwcHJvcHJpYXRlLiBGb3IgZXhhbXBsZSwgIklmIHlvdSB3ZXJlIHRoZSBLaW5nLCB0aGVuIHlvdSBtaWdodCBiZSBhYmxlIHRvIGRvIHRoYXQuIjwvcD4KCjxwPkluIHRoZSBzYW1lIHdheSwgeW91IGNhbiB1c2UgPGVtPm1pZ2h0PC9lbT4gdG8gZm9ybSBtb3JlIHBvbGl0ZSBxdWVzdGlvbnM6ICJNaWdodCBJIGpvaW4geW91PyIgYXMgb3Bwb3NlZCB0byAiTWF5IEkgam9pbiB5b3U/IjwvcD4K,89,300,2013-01-07T12:15:23.513,2013-01-07T12:15:23.513,,,,2,
1,127,2010-08-05T23:40:23.527,25,40167,PHA+V2hhdCBpcyB0aGUgZGlmZmVyZW5jZSBpbiB1c2FnZSBiZXR3ZWVuIDxlbT5hYmlsaXR5PC9lbT4gYW5kIDxlbT5jYXBhYmlsaXR5PC9lbT4/PC9wPgo=,81,,2011-08-15T23:26:54.860,2015-09-21T18:14:44.960,RGlmZmVyZW5jZSBiZXR3ZWVuICJhYmlsaXR5IiBhbmQgImNhcGFiaWxpdHki,<differences><synonyms><nouns>,5,2,3
1,133,2010-08-05T23:51:26.693,46,155136,PHA+IkludG8iIChvbmUgd29yZCkgYW5kICJpbiB0byIgKHR3byB3b3JkcykgYXJlIGZyZXF1ZW50bHkgY29uZnVzZWQuICBJbiB3aGF0IHNpdHVhdGlvbnMgc2hvdWxkIHRoZSBmb3JtZXIgYmUgdXNlZD8gIFRoZSBsYXR0ZXI/PC9wPgo=,94,300,2012-01-12T22:16:31.907,2012-01-12T22:16:31.907,V2hlbiBzaG91bGQgImludG8iIGJlIHVzZWQgcmF0aGVyIHRoYW4gImluIHRvLCIgYW5kIHZpY2UgdmVyc2E/,<word-choice><prepositions>,3,1,17
2,,2010-08-05T23:53:45.830,1,,PHA+V2VsbCwgdGhpcmQtcGVyc29uIHByb25vdW5zIGFyZSBleGFtcGxlcyBvZiBnZW5kZXIuIEkgaGF2ZSBoZWFyZCBhbmQgdXNlZCB0aGUgc2hpcCBleGFtcGxlLCBidXQgbW9yZSBmb3Igc3R5bGlzdGljIHB1cnBvc2VzIHRoYW4gdG8gYmUgYmV0dGVyIHVuZGVyc3Rvb2Q7IHRoZSBzYW1lIGFwcGxpZXMgdG8gY291bnRyaWVzLiBJIHdvdWxkIGFyZ3VlIHRoYXQgZ2VuZGVyIHN0aWxsIGlzIGFzIGltcG9ydGFudCwgdGhvdWdoIHNpbXBseSBubyBsb25nZXIgc3VyZmFjZXMuIEkgdGhpbmsgdGhlcmUgYXJlIHNvbWUgdmVyeSBpbnRlcmVzdGluZyBleHBlcmltZW50cyBoZXJlLjwvcD4KCjxwPkFub3RoZXIgZXhhbXBsZSBvZiBnZW5kZXIgb2NjdXJzIGluIHRoZSByZWxhdGl2ZSBwcm9ub3VucyA8ZW0+d2hvPC9lbT4gYW5kIDxlbT53aGljaDwvZW0+LiBXZSBkaXZpZGUgZ3JvdXBzIG9mIHRoaW5ncyBpbnRvIHRoZXNlIHR3byBjYXRlZ29yaWVzIGJhc2VkIG9uIHdoZXRoZXIgb3Igbm90IHNvbWV0aGluZyBpcyBhbmltYXRlLCBvciBhcyBJIGxpa2UgdG8gdGhpbmssIGhvdyBodW1hbi1saWtlIGl0IGlzLiBDb21wYXJlOiAidGhlIGZyaWVuZCwgd2hvIiwgInRoZSBkb2csIHdoby93aGljaCIsICJ0aGUgc2hvZSwgd2hpY2giLjwvcD4K,89,,,2010-08-05T23:53:45.830,,,,0,
2,,2010-08-05T23:54:10.243,13,,PHA+Q2FwYWJpbGl0eSBpbXBsaWVzIHVucmVhbGlzZWQgcG90ZW50aWFsLCBhcyBpbiAiSm9obiBpcyBjYXBhYmxlIG9mIHdpbm5pbmciLCB3aGljaCBpbXBsaWVzIEpvaG4gaGFzIHRoZSBhYmlsaXR5IHRvIHdpbiBidXQgaXQncyBub3QgZGVmaW5pdGUuIEl0IG1lYW5zIG1vcmUgb3IgbGVzcyAiSm9obiBoYXMgdGhlIHRhbGVudCB0aGF0J3MgbmVlZGVkIHRvIHdpbi4iPC9wPgoKPHA+QWJpbGl0eSwgb24gdGhlIG90aGVyIGhhbmQsIGltcGxpZXMgcG9zc2liaWxpdHkuICJKb2huIGlzIGFibGUgdG8gd2luIiBtZWFucyBKb2huIGlzIGluIHRoZSBydW5uaW5nIHRvIHdpbiBidXQgbm90IG5lY2Vzc2FyaWx5IHRoYXQgaGUgaGFzIHRoZSBza2lsbHMgb3IgYWJpbGl0eSB0byB3aW4uIEl0IG1lYW5zIG1vcmUgb3IgbGVzcyAiSXQncyBwb3NzaWJsZSB0aGF0IEpvaG4gd2lsbCB3aW4iLjwvcD4KCjxwPkJ1dCBoZXJlJ3Mgd2hlcmUgaXQgZ2V0cyBtb3JlIGNvbmZ1c2luZzo8L3A+Cgo8cD4iSm9obiBpcyBhYmxlIHRvIHJlYWQiIG1lYW5zIEpvaG4gY2FuIHJlYWQgd2l0aG91dCBkb3VidCwgd2hlcmVhcyAiSm9obiBpcyBjYXBhYmxlIG9mIHJlYWRpbmciIG1lYW5zIEpvaG4gaGFzIGFsbCB0aGUgbmVjZXNzYXJ5IGJyYWluIHBvd2VyIGFuZCB3aGF0bm90IHRvIGJlIGFibGUgdG8gcmVhZCBidXQgdGhlIHF1ZXN0aW9uIG9mIHdoZXRoZXIgb3Igbm90IGhlIGNhbiByZWFkIGF0IHRoZSBtb21lbnQgaXMgbGVmdCB1bnNhaWQgKGFsdGhvdWdoIHRoZSBmYWN0IHRoYXQgc29tZW9uZSBkb2VzIHNheSAiSm9obiBpcyBjYXBhYmxlIG9mIHJlYWRpbmciIHByb2JhYmx5IG1lYW5zIEpvaG4gY2FuJ3QgcmVhZCByaWdodCBub3cpLjwvcD4K,90,90,2010-08-06T06:40:46.480,2010-08-06T06:40:46.480,,,,16,
