Id,PostHistoryTypeId,PostId,RevisionGUID,CreationDate,UserId,UserDisplayName,Comment,Text,CloseReasonId
1,2,1,706cd8ee-5f80-4f75-945f-ed2f5deb4e32,2010-08-05T19:34:49.473,9,,,d2hlbiBjb3VsZCBJIHVzZSBjYW4gKG9yIHdoZW4gY2FuIEkgdXNlIGNvdWxkID8pIC4uIHdoYXQgaXMgcmlnaHQgdW5kZXIgd2hhdCBjb250ZXh0ID8=,
2,1,1,706cd8ee-5f80-4f75-945f-ed2f5deb4e32,2010-08-05T19:34:49.473,9,,,d2hlbiBkbyBJIGNvdWxkICJDYW4iICYgImNvdWxkIiA/,
3,3,1,706cd8ee-5f80-4f75-945f-ed2f5deb4e32,2010-08-05T19:34:49.473,9,,,PGNhbj4=,
4,2,2,90280347-3555-4d29-b034-1d97a6c4abdc,2010-08-05T19:37:29.890,16,,,RG9lc24ndCAicXVpbnQiIG1lYW4gZml2ZT8gIFdoYXQgZG9lcyB0aGF0IGhhdmUgdG8gZG8gd2l0aCB0aGUgbWVhbmluZyBvZiBxdWludGVzc2VudGlhbD8=,
5,1,2,90280347-3555-4d29-b034-1d97a6c4abdc,2010-08-05T19:37:29.890,16,,,V2hlcmUgZG9lcyB0aGUgInF1aW50IiBpbiBxdWludGVzc2VudGlhbCBjb21lIGZyb20/,
6,3,2,90280347-3555-4d29-b034-1d97a6c4abdc,2010-08-05T19:37:29.890,16,,,PGV0eW1vbG9neT4=,
7,2,3,2aad6d7b-c6e3-44ac-86ca-53bf40e6a8e8,2010-08-05T19:39:40.743,13078,,,V2hpY2ggaXMgdGhlIGNvcnJlY3QgdXNlIG9mIHRoZXNlIHR3byB3b3JkcyBhbmQgaW4gd2hpY2ggY29udGVzdCBzaG91bGQgYmUgdXNlZCBvbmUgaW5zdGVhZCBvZiB0aGUgb3RoZXI/,
8,1,3,2aad6d7b-c6e3-44ac-86ca-53bf40e6a8e8,2010-08-05T19:39:40.743,13078,,,J3NoYWxsJyBhbmQgJ3dpbGwn,
9,3,3,2aad6d7b-c6e3-44ac-86ca-53bf40e6a8e8,2010-08-05T19:39:40.743,13078,,,PHZlcmJzPjxmdXR1cmU+,
11,2,5,72d1fac8-0425-4211-bb68-c39d6ec1c06e,2010-08-05T19:40:58.213,21,,,SXQncyB0aGUgZmlmdGggZWxlbWVudCBhZnRlciBlYXJ0aCwgYWlyLCBmaXJlLCBhbmQgd2F0ZXIsIHNvIGl0IGlzIHByZXN1bWFibHkgc3VwZXJpb3IgdG8gdGhvc2Ugb3IgY29tcGxldGluZyB0aG9zZS4=,
12,2,6,9e508fd5-d110-45cb-8b4c-68fd9b491c61,2010-08-05T19:41:04.000,15,,,SSB0aGluayBtb3N0IGZvbGsgaGFwcGlseSB1c2UgZWl0aGVyICJ3aGlsZSIgb3IgIndoaWxzdCIuIEkndmUgYSB2YWd1ZSByZWNvbGxlY3Rpb24gdGhhdCBhdCBvbmUgdGltZSAid2hpbGUiIGluZGljYXRlZCB0aGUgcGFzc2luZyBvZiB0aW1lIGFuZCAid2hpbHN0IiB3YXMgZXNzZW50aWFsbHkgdGhlIHNhbWUgYXMgIndoZXJlYXMiLg0KDQpTbyB1c2luZyB3aGlsZSBmb3IgdGltZSBwYXNzaW5nLi4uDQoNCj5XaGlsZSBJIHdhcyB3YWxraW5nIGRvd24gdGhlIHN0cmVldCB0aGUgc3VuIHdhcyBzaGluaW5nLg0KDQouLi4gYW5kIHdoaWxzdCBmb3Igd2hlcmVhcy4uLg0KDQo+V2hpbHN0IEkgd2FzIHdhbGtpbmcgZG93biB0aGUgc3RyZWV0IEkgb2Z0ZW4gcHJlZmVyIHRvIGhvcC4NCg0KQW55IHZpZXdzPw==,
13,1,6,9e508fd5-d110-45cb-8b4c-68fd9b491c61,2010-08-05T19:41:04.000,15,,,V2hlbiBkaWQgIndoaWxlIiBhbmQgIndoaWxzdCIgYmVjb21lIGludGVyY2hhbmdlYWJsZT8=,
14,3,6,9e508fd5-d110-45cb-8b4c-68fd9b491c61,2010-08-05T19:41:04.000,15,,,PHdoaWxlPjx3aGlsc3Q+PGdyYW1tYXI+,
15,2,7,3b0939b5-31e3-4dc0-849e-dc395d58bf26,2010-08-05T19:41:48.600,9,,,SSBtYXkgbm90IGJlIGNvbWluZyBpbiB0b21vcnJvdyAuLi4gDQpJIG1pZ2h0IG5vdCBiZSBjb21pbmcgaW4gdG9tb3Jyb3cgLi4uIA0KDQpXaGVuIGNvdWxkIEkgdXNlIG1heSAmIG1pZ2h0ID8=,
16,1,7,3b0939b5-31e3-4dc0-849e-dc395d58bf26,2010-08-05T19:41:48.600,9,,,TWF5ICYgTWlnaHQ6IFdoYXRzIHRoZSByaWdodCBjb250ZXh0ID8=,
17,3,7,3b0939b5-31e3-4dc0-849e-dc395d58bf26,2010-08-05T19:41:48.600,9,,,PGdyYW1tYXI+,
18,2,8,85e169a9-8b11-4ab5-b198-caefe06e9fb6,2010-08-05T19:42:24.170,13,,,SXMgaXQgY29ycmVjdCB0byB3cml0ZToNCj5JJ3ZlIGEgc21hbGwgZG9nDQoNCj5UaGV5J3ZlIGdyZWF0IHRpbWUNCg0KSXQgbG9va3MgYSBiaXQgd2VpcmQgdG8gbWUuIENhbiB5b3Ugd3JpdGUgbGlrZSB0aGlzIGluIG9mZmljaWFsIGRvY3VtZW50cz8=,
19,1,8,85e169a9-8b11-4ab5-b198-caefe06e9fb6,2010-08-05T19:42:24.170,13,,,SXMgaXQgYXBwcm9wcmlhdGUgdG8gdXNlIHNob3J0IGZvcm0gb2YgImhhdmUiICgndmUpIHdoZW4gaXQgbWVhbnMgcG9zc2Vzc2lvbj8=,
20,3,8,85e169a9-8b11-4ab5-b198-caefe06e9fb6,2010-08-05T19:42:24.170,13,,,PGdyYW1tYXI+PHNob3J0LWZvcm0+,
21,2,9,5f8a4250-de63-40cc-917b-ba4c6610c9ad,2010-08-05T19:42:25.120,13078,,,InF1aW50IiBtZWFucyBmaWZ0aC4gVGhlICJxdWludGVzc2VuY2UiIGlzIHRoZSBmaWZ0aCBlc3NlbmNlLg0KDQpUaGUgZmlmdGggZWxlbWVudCB3YXMgdGhlIG9uZSBzdXBwb3NlZCB0byBjb21lIGFmdGVyIGFpciwgZmlyZSwgZWFydGgsIGFuZCB3YXRlciBpbiB0aGUgTWVkaWV2YWwgQWdlLg==,
22,2,10,d6412929-c508-4c14-8b0a-0fd37f51db71,2010-08-05T19:45:06.567,17,,,SXQgc2VlbSB0aGV5IGFyZSBpbnRlcmNoYW5nZWFibGUsIGJ1dCBbd2hpbHN0XVsxXSBpcyBwcmltYXJpbHkgdXNlZCBieSB0aGUgQnJpdGlzaC4NCg0KDQogIFsxXTogaHR0cDovL3d3dy5tZXJyaWFtLXdlYnN0ZXIuY29tL2RpY3Rpb25hcnkvd2hpbHN0,
23,2,11,f68c05ca-2aae-460f-8e35-0996086ca818,2010-08-05T19:45:14.723,9,,,aHR0cDovL2VuLndpa2lwZWRpYS5vcmcvd2lraS9TaGFsbF9hbmRfd2lsbA0KDQo+IFNoYWxsIGFuZCB3aWxsIGFyZSBib3RoIG1vZGFsIHZlcmJzIGluDQo+IEVuZ2xpc2ggdXNlZCB0byBleHByZXNzIHByb3Bvc2l0aW9ucw0KPiBhYm91dCB0aGUgZnV0dXJlLiBBY2NvcmRpbmcgdG8gdGhlIE5ldw0KPiBPeGZvcmQgRGljdGlvbmFyeSBvZiBFbmdsaXNoLCBJbg0KPiBtb2Rlcm4gRW5nbGlzaCB0aGUgaW50ZXJjaGFuZ2VhYmxlIHVzZQ0KPiBvZiBzaGFsbCBhbmQgd2lsbCBpcyBhbiBhY2NlcHRhYmxlDQo+IHBhcnQgb2Ygc3RhbmRhcmQgQnJpdGlzaCBhbmQgVVMNCj4gRW5nbGlzaC4=,
24,2,12,50ab29c8-aca9-4147-828b-8e184f9ba9ce,2010-08-05T19:46:54.160,7,,,IkVzc2VuY2UiIGluIHRoaXMgY29udGV4dCBpcyBhIHN5bm9ueW0gZm9yICJlbGVtZW50IiwgYW5kICJlc3NlbnRpYWwiIGZvciAiZWxlbWVudGFsIi4gSW4gcHJlLWF0b21pYyB0aGVvcnksIHRoZXJlIHdlcmUgZm91ciAia25vd24iIGVsZW1lbnRzIG9yIGVzc2VuY2VzIC0tIEVhcnRoLCBBaXIsIEZpcmUgYW5kIFdhdGVyIC0tIGFuZCBhIHB1dGF0aXZlIGZpZnRoIGVsZW1lbnQgKHF1aW50IGVzc2VudGlhKS4gVGhlIGZpZnRoIGVsZW1lbnQgd2FzIGJlbGlldmVkIHRvIGJlIHN1cGVyaW9yIHRvIHRoZSBvdGhlcnMsIGFuZCBzbywgInF1aW50ZXNzZW50aWFsIiBoYXMgY29tZSB0byBtZWFuIHNvbWV0aGluZyB0aGF0IGlzIHN1cGVyaW9yLg==,
25,2,13,ccfdad6a-7dbb-42ca-be5c-5f011fd60745,2010-08-05T19:49:37.773,7,,,SXQgaXMgcmFyZWx5IGFwcHJvcHJpYXRlIHRvIHVzZSBjb250cmFjdGlvbnMgaW4gYSBmb3JtYWwgd3JpdGluZyBlbnZpcm9ubWVudC4NCg0KSSd2ZSBoZWFyZCB0aGUgZmlyc3QgY29uc3RydWN0aW9uIGluIHNwZWVjaCwgbWFpbmx5IEJyaXRpc2ggRW5nbGlzaCwgYnV0IG5vdCB0aGUgc2Vjb25kLg==,
27,2,14,8cb0278e-47bd-4ee7-aea8-ea356d2f0bd3,2010-08-05T19:51:46.757,13,,,QXJlIHRoZXJlIGFueSBjb25jcmV0ZSBydWxlcyB0aGF0IHNheSB3aGljaCB3b3JkcyAocGFydHMgb2Ygc3BlZWNoKSBpbiBhIHRpdGxlIHNob3VsZCBzdGFydCBmcm9tIGEgY2FwaXRhbCBsZXR0ZXI/IFdoYXQgd291bGQgYmUgYSBjb3JyZWN0IGNhcGl0YWxpemF0aW9uIGZvciB0aGUgdGl0bGUgb2YgdGhpcyBxdWVzdGlvbj8=,
28,1,14,8cb0278e-47bd-4ee7-aea8-ea356d2f0bd3,2010-08-05T19:51:46.757,13,,,V2hpY2ggd29yZHMgaW4gYSB0aXRsZSBzaG91bGQgYmUgY2FwaXRhbGl6ZWQ/,
29,3,14,8cb0278e-47bd-4ee7-aea8-ea356d2f0bd3,2010-08-05T19:51:46.757,13,,,PGdyYW1tYXI+PGNhcGl0YWxpemF0aW9uPg==,
30,2,15,4dd43197-2242-4214-a2bb-d5a06e729cbb,2010-08-05T19:52:27.270,7,,,U3RyaWN0bHkgc3BlYWtpbmcsICJtaWdodCIgaXMgdGhlIHNpbXBsZSBwYXN0IHRlbnNlIG9mICJtYXkiLg0KDQpJbiBwcmFjdGljZSwgdGhleSdyZSBvZnRlbiB1c2VkIGludGVyY2hhbmdlYWJseSBpbiBvdGhlciB0ZW5zZXMsIGFzIHlvdXIgZXhhbXBsZSBkZW1vbnN0cmF0ZXMu,
31,2,16,cd8b9605-6310-4be4-9564-17913cdf992a,2010-08-05T19:54:22.990,29,,,TGlrZSBtYW55IG90aGVycywgSSBjb21tb25seSBmaW5kIG15c2VsZiBlbmRpbmcgYSBzZW50ZW5jZSB3aXRoIGEgcHJlcG9zaXRpb24uICBZZXMsIGl0IG1ha2VzIG1lIGNyaW5nZS4gIEkgdXN1YWxseSByZXdyaXRlIHRoZSBzZW50ZW5jZSwgYnV0IHNvbWV0aW1lcyAoaW4gZW1haWxzKSBJIGp1c3QgbGl2ZSB3aXRoIGl0LiAgX3RvXywgX3dpdGhfIC4uLiB5b3Uga25vdyB3aG8geW91IGFyZS4NCg0KU2hvdWxkIEkga2VlcCBmaWdodGluZyBteXNlbGYgb24gdGhpcyBvbmUsIG9yIGlzIGl0IG9rYXkgaW4gc29tZSBjaXJjdW1zdGFuY2VzPw==,
32,1,16,cd8b9605-6310-4be4-9564-17913cdf992a,2010-08-05T19:54:22.990,29,,,V2hlbiBpcyBpdCBva2F5IHRvIGVuZCBhIHNlbnRlbmNlIGluIGEgcHJlcG9zaXRpb24/,
33,3,16,cd8b9605-6310-4be4-9564-17913cdf992a,2010-08-05T19:54:22.990,29,,,PHByZXBvc2l0aW9ucz4=,
34,2,17,06c2504e-577f-4501-b304-f5009f3135a9,2010-08-05T19:54:37.313,16,,,SSd2ZSBoZWFyZCBsb3RzIG9mIHZhcnlpbmcgaGlzdG9yaWVzIG9mIHRoZSB0ZXJtICJPSyIuICANCg0KSXMgdGhlcmUgYW55IGV2aWRlbmNlIG9mIHRoZSB0cnVlIG9yaWdpbiBvZiB0aGUgdGVybT8=,
35,1,17,06c2504e-577f-4501-b304-f5009f3135a9,2010-08-05T19:54:37.313,16,,,V2hlcmUgZGlkIHRoZSB0ZXJtIE9LIC8gT2theSBjb21lIGZyb20/,
36,3,17,06c2504e-577f-4501-b304-f5009f3135a9,2010-08-05T19:54:37.313,16,,,PGV0eW1vbG9neT4=,
37,2,18,ae2c2705-02e7-4bc5-a74b-a011803705a2,2010-08-05T19:56:14.907,5,,,V291bGQgaXQgYmUgcHJvcGVyIHRvIHNheSAiZnJlc2htYW4gc3R1ZGVudHMiLCAiZnJlc2htZW4iLCBvciAiZnJlc2htZW4gc3R1ZGVudHMiPw==,
38,1,18,ae2c2705-02e7-4bc5-a74b-a011803705a2,2010-08-05T19:56:14.907,5,,,UHJvcGVyIHVzZSBvZiB0aGUgd29yZCBmcmVzaG1hbg==,
39,3,18,ae2c2705-02e7-4bc5-a74b-a011803705a2,2010-08-05T19:56:14.907,5,,,PHBsdXJhbGl0eT4=,
40,2,19,c3f3babe-b51c-419f-9282-0ee08cb2ab59,2010-08-05T19:57:35.077,21,,,SW4gYmFzZWJhbGwsIGFuIF9pbm5pbmdfIGlzIGEgdGVhbSdzIChvciBib3RoIHRlYW1zJywgZGVwZW5kaW5nIG9uIGNvbnRleHQpIHR1cm4gdG8gYmF0LiAgQSBnYW1lIGNvbnNpc3RzIG9mIDkgaW5uaW5ncy4gIEluIGNyaWNrZXQsIGFuIF9pbm5pbmdzXyBpcyBhIHRlYW0ncyB0dXJuIHRvIGJhdCwgYSBnYW1lIGNvbnNpc3RzIG9mIDIgb3IgNCBpbm5pbmdzLiAgSG93IGRpZCB0aGlzIGRpZmZlcmVuY2UgaW4gc2luZ3VsYXIgdXNhZ2UgYXJpc2U/DQoNCiJpbm5pbmciIGNvdWxkIGNvbmNlaXZhYmx5IGJlIGRlcml2ZWQgbGlrZSAib3V0aW5nIjogIEFuIG91dGluZyBpcyBhIHRpbWUgd2hlbiBvbmUgaXMgb3V0LCBhbiBpbm5pbmcgaXMgYSB0aW1lIHdoZW4gb25lIGlzIGluICh0byBiYXQvdG8gcGxheSkuICBXaGVyZSBkaWQgdGhlIHNpbmd1bGFyICJpbm5pbmdzIiBjb21lIGZyb20/,
41,1,19,c3f3babe-b51c-419f-9282-0ee08cb2ab59,2010-08-05T19:57:35.077,21,,,aW5uaW5nL2lubmluZ3Mgc2luZ3VsYXIvcGx1cmFs,
42,3,19,c3f3babe-b51c-419f-9282-0ee08cb2ab59,2010-08-05T19:57:35.077,21,,,PGdyYW1tYXRpY2FsLW51bWJlcj48c3BvcnRzPg==,
44,2,21,4a97fe35-992c-476e-8b14-17ab35b463c0,2010-08-05T19:58:03.420,33,,,SSBncmV3IHVwIHNwZWFraW5nIEJyaXRpc2ggRW5nbGlzaC4gVGhlIHdvcmRzIEkgbGVhcm50IHdlcmUgb2NjYXNpb25hbGx5IG1hcmtlZCBvZmYgaW4gcGFwZXJzLCBkZXNwaXRlIHRoZW0gYmVpbmcgRW5nbGlzaCB3b3Jkcy4gQXJlIHdvcmRzIGxpa2UgYmV0d2l4dCwgdHJlYmJsZSwgbGVhcm50IGFjY2VwdGFibGUgaW4gcGFwZXJzIGZvciBFbmdsaXNoIGNsYXNzZXMgZm9yIHByb2Zlc3NvcnMgaW4gQW1lcmljYSwgc3BlY2lmaWNhbGx5IFRleGFzPw==,
45,1,21,4a97fe35-992c-476e-8b14-17ab35b463c0,2010-08-05T19:58:03.420,33,,,QXJlIGJldHdpeHQsIHRyZWJibGUgYWNjZXB0YWJsZSBpbiBBbWVyaWNhbiBFbmdsaXNo,
46,3,21,4a97fe35-992c-476e-8b14-17ab35b463c0,2010-08-05T19:58:03.420,33,,,PHdvcmRzPjx1c2VhZ2U+PGJyaXRpc2g+PGFtZXJpY2FuPg==,
47,2,22,281c706c-df98-4f48-8498-d0033537316b,2010-08-05T19:58:16.417,23,,,IkNvdWxkIiBpcyB0aGUgc3VianVuY3RpdmUgZm9ybSBvZiAiY2FuLiIgVGhhdCBtZWFucyB5b3UgdXNlIGl0IHRvIGV4cHJlc3MgcG9zc2liaWxpdGllcyBhbmQgdGhlIGxpa2UuICJJIGNvdWxkIGdvIHRvIHRoZSBtb3ZpZXMsIGJ1dCBJIG1pZ2h0IGp1c3Qgc3RheSBob21lLiIgDQoNCldoZW4gImNvdWxkIiBpcyB1c2VkIGFzIHRoZSBwYXN0LXRlbnNlIG9mICJjYW4sIiB5b3UncmUgdGFsa2luZyBhYm91dCBzb21ldGhpbmcgeW91IHVzZWQgdG8gYmUgYWJsZSB0byBkbywgYnV0IGNhbid0IGFueW1vcmUsIHNvIHdoYXRldmVyIGFjdGlvbiB5b3UncmUgc3BlYWtpbmcgb2YgaXMgaHlwb3RoZXRpY2FsLiAiSSBjb3VsZCBoYXZlIGdvbmUgdG8gdGhlIG1vdmllcywgYnV0IEkgZGVjaWRlZCB0byBzdGF5IGhvbWUsIiBvciAiSSBjb3VsZCBtb3cgdGhlIGxhd24gYmVmb3JlIG15IGJhY2sgaW5qdXJ5LiIgKFJlYWxseSB0aGF0IHNlY29uZCBzZW50ZW5jZSBzaG91bGQgc2F5ICJJIGNvdWxkIGhhdmUgbW93ZWQuLi4sIiBidXQgYSBsb3Qgb2YgcGVvcGxlIGRvbid0IGJvdGhlci4pDQoNClRoZSBzdWJqdW5jdGl2ZSBpcyBhbHNvIHVzZWQgd2hlbiB0YWxraW5nIGFib3V0IGVtb3Rpb25zLCB3aXNoZXMsIGp1ZGdlbWVudHMsIGFuZCBzdWNoIGxpa2UuIEhvbmVzdGx5LCBXaWtpcGVkaWEgaXMgcHJvYmFibHkgYmV0dGVyIGF0IGV4cGxhaW5pbmcgdGhlIHN1Ymp1bmN0aXZlIHRoYW4gSS4NCg0KR29vZCBsdWNrIQ==,
48,2,23,fbeaf6d2-1b2a-4cbf-b0d5-5d4665360a40,2010-08-05T19:58:21.220,16,,,SSd2ZSBoZWFyZCB0aGF0IHlvdSBzaG91bGQgYWx3YXlzIHBsYWNlIGVuZGluZyBwdW5jdHVhdGlvbiBpbnNpZGUgb2YgcXVvdGVzLCBubyBtYXR0ZXIgd2hhdC4gIA0KDQpBcmUgdGhlcmUgYW55IGNhc2VzIHdoZXJlIGl0IGlzIGFwcHJvcHJpYXRlIGZvciBhIHNlbnRlbmNlIHRvIGVuZCB3aXRoIGAiLmA/DQoNCg0KDQo=,
49,1,23,fbeaf6d2-1b2a-4cbf-b0d5-5d4665360a40,2010-08-05T19:58:21.220,16,,,SXMgaXQgZXZlciBhY2NlcHRhYmxlIGZvciBhIHBlcmlvZCB0byBjb21lIGFmdGVyIGEgcXVvdGU/,
50,3,23,fbeaf6d2-1b2a-4cbf-b0d5-5d4665360a40,2010-08-05T19:58:21.220,16,,,PHB1bmN0dWF0aW9uPjxxdW90ZXM+,
51,2,24,d7b57c96-9787-46c0-ad34-86b7d19fea6f,2010-08-05T19:59:54.760,36,,,Qm90aCAiZnJlc2htZW4iIGFuZCAiZnJlc2htYW4gc3R1ZGVudHMiIGFyZSBjb3JyZWN0LCBidXQgImZyZXNobWVuIHN0dWRlbnRzIiBpcyB3cm9uZy4gSSB0aGluayAiZnJlc2htZW4iIGlzIHRoZSBvZmZpY2lhbCB0ZXJtLg==,
52,5,8,2c80c0d4-bfb8-456f-a72e-f4b3f5671136,2010-08-05T20:03:44.143,13,,deleted 2 characters in body,SXMgaXQgY29ycmVjdCB0byB3cml0ZToNCj5JJ3ZlIGEgc21hbGwgZG9nDQoNCj5UaGV5J3ZlIGEgZ3JlYXQgdGltZQ0KDQpJdCBsb29rcyBhIGJpdCB3ZWlyZCB0byBtZS4gQ2FuIHlvdSB1c2Ugc3VjaCBmb3JtIGluIGEgZm9ybWFsIHdyaXRpbmc/,
53,4,23,582716a0-bab0-4ddf-912d-83a466d2cd62,2010-08-05T20:05:10.053,16,,edited title,SXMgaXQgZXZlciBhY2NlcHRhYmxlIGZvciBhIHBlcmlvZCB0byBjb21lIGFmdGVyIGEgcXVvdGUgYXQgdGhlIGVuZCBvZiBhIHNlbnRlbmNlPw==,
54,2,25,37610fad-2fff-47cd-947c-ae048ed7ff45,2010-08-05T20:06:49.567,30,,,SGVyZSBpcyBhIFtnb29kIGRlc2NyaXB0aW9uXVsxXSBvZiB3aGVuIHRvIHVzZSBzaGFsbDoNCg0KPiAuLi5zaGFsbCBpcyB1c2VkIGZvciB0aGUgZnV0dXJlIHRlbnNlDQo+IHdpdGggdGhlIGZpcnN0LXBlcnNvbiBwcm9ub3VucyBJIGFuZA0KPiBXZTogIEkgc2hhbGwsIHdlIHNoYWxsLiAgV2lsbCBpcyB1c2VkDQo+IHdpdGggdGhlIGZpcnN0LXBlcnNvbiAoYWdhaW4sIEkgcmVmZXINCj4gdG8gdHJhZGl0aW9uYWwgdXNhZ2UpIG9ubHkgd2hlbiB3ZQ0KPiB3aXNoIHRvIGV4cHJlc3MgZGV0ZXJtaW5hdGlvbi4gIFRoZQ0KPiBvcHBvc2l0ZSBpcyB0cnVlIGZvciB0aGUgc2Vjb25kLXBlcnNvbg0KPiAoeW91KSBhbmQgdGhpcmQtcGVyc29uIChoZSwgc2hlLCBpdCwNCj4gdGhleSkgcHJvbm91bnM6ICBXaWxsIGlzIHVzZWQgaW4gdGhlDQo+IGZ1dHVyZSB0ZW5zZSwgYW5kIHNoYWxsIGlzIHVzZWQgb25seQ0KPiB3aGVuIHdlIHdpc2ggdG8gZXhwcmVzcyBkZXRlcm1pbmF0aW9uDQo+IG9yIHRvIGVtcGhhc2l6ZSBjZXJ0YWludHkuDQoNCkhvd2V2ZXIsZ3Jvd2luZyB1cCBhcyBhIG5hdGl2ZSBBbWVyaWNhbiBzcGVha2VyIGluIENvbG9yYWRvLCBJIG5ldmVyIHVzZWQgInNoYWxsIiBpbiBub3JtYWwgc3BlZWNoLiBIb3dldmVyLCBJIGJlbGlldmUgaW4gcXVlc3Rpb25zIGl0IGhhcyBiZWNvbWUgbW9yZSBjb21tb24sIGUuZy4gKlNoYWxsIHdlIGdvPyogYnV0IGFuIEFtZXJpY2FuIG5hdGl2ZSBzcGVha2VyIHNheWluZyBlLmcuICJJIHNoYWxsIGRvIHRoYXQgZm9yIHlvdSIgd2lsbCBhbG1vc3QgYWx3YXlzIHNvdW5kIGFmZmVjdGVkIG9yIGNvbm5vdGUgYSBTaGFrZXNwZWFyZWFuIGNvbnRleHQuIEkgb2Z0ZW4gaGF2ZSB3b25kZXJlZCBpbiB3aGljaCBwYXJ0cyBvZiB0aGUgd29ybGQgKEVuZ2xhbmQ/KSBhbmQgd2hpY2ggc29jaWFsIGVjaGVsb25zIHVzaW5nICJzaGFsbCIgaW4gc3RhdGVtZW50cyBpcyBhY3R1YWxseSBzdGlsbCBwcmFjdGljZWQgYnkgbmF0aXZlIHNwZWFrZXJzLiAgDQoNCg0KICBbMV06IGh0dHA6Ly93d3cuZ3JhbW1hcm11ZGdlLmNpdHlzbGlkZS5jb20vYXJ0aWNsZXMvYXJ0aWNsZS8xMDI2NTEzLzg5MTMuaHRt,
55,2,26,8b0e0c5b-1d3d-46a3-8864-2af94d07a410,2010-08-05T20:07:19.330,21,,,UHVuY3R1YXRpb24gaW5zaWRlIHF1b3RlcyBpcyBhIHJ1bGUgdGhhdCB3YXMgaW52ZW50ZWQgYnkgQW1lcmljYW4gcHVibGlzaGVycyBhbmQgaXMgbm90IG5lY2Vzc2FyaWx5IGZvbGxvd2VkIGVsc2V3aGVyZS4gIFRoZSBvcmlnaW5hbCByZWFzb24gaGFkIHRvIGRvIHdpdGggdHlwZXNldHRpbmcgbWVjaGFuaWNzIGFuZCBpcyBvYnNvbGV0ZS4gIEFsc28sIGlmIHlvdSdyZSBwcmVwYXJpbmcgdGVjaG5pY2FsIHRleHRzIHN1Y2ggYXMgYWJvdXQgY29tcHV0ZXIgcHJvZ3JhbW1pbmcsIHRoaXMgY2FuIHJlc3VsdCBpbiB0ZWNobmljYWxseSBpbmNvcnJlY3QgbWF0ZXJpYWwuICBJbiBwcmFjdGljZSwgeW91IGFyZSBhdCB0aGUgbWVyY3kgb2Ygd2hvZXZlciBpcyBlZGl0aW5nIG9yIGdyYWRpbmcgeW91ciBtYXRlcmlhbC4gIEJ1dCB0byBhbnN3ZXIgeW91ciBxdWVzdGlvbiwgaXQgY2FuIGNlcnRhaW5seSBiZSAiYWNjZXB0YWJsZSIgaW4gbWFueSBwYXJ0cy4=,
56,2,27,9c6261f9-0b40-4291-be56-bff70d17ec85,2010-08-05T20:10:09.683,36,,,SSBiZWxpZXZlIHRoYXQgdGhlIGNhcGl0YWxpemF0aW9uIG9mIGEgdGl0bGUgZGVwZW5kcyBvbiB0aGUgbWVkaXVtLiBJbiBhIGZvcm1hbCBtZWRpdW0gc3VjaCBhcyBhbiBhY2FkZW1pYyBwYXBlciwgdGhlIGZpcnN0IHdvcmQgYW5kIGFsbCB3b3JkcyBvdGhlciB0aGFuIGFydGljbGVzICgiYSIsICJ0aGUiLCBldGMuKSBhbmQgcHJlcG9zaXRpb25zICgib2YiLCAidW5kZXIiLCAiYWJvdXQiLCBldGMuKSBzaG91bGQgYmUgY2FwaXRhbGl6ZWQuIEhvd2V2ZXIsIGluIG1vcmUgY2FzdWFsIHNpdHVhdGlvbnMgKHN1Y2ggYXMgd2ViIGxvZ3MgYW5kIFEmQSBzaXRlcyksIG9ubHkgdGhlIGZpcnN0IGxldHRlciBtdXN0IGJlIGNhcGl0YWxpemVkLiBQZXJzb25hbGx5LCBJIHByZWZlciB0byBjYXBpdGFsaXplIG9ubHkgdGhlIGZpcnN0IGxldHRlciBvZiBteSBoZWFkZXJzIHRvIGluY3JlYXNlIHRoZWlyIHJlYWRhYmlsaXR5Lg==,
57,2,28,80ef3a72-3774-4cfa-bcf1-b608a2edc114,2010-08-05T20:10:27.763,21,,,VGhhdCdzIHRoZSBzb3J0IG9mIG5vbnNlbnNlIHVwIHdpdGggd2hpY2ggeW91IHNob3VsZCBub3QgcHV0Lg==,
58,2,29,c0598f1b-4c08-4b99-acb6-78f703309c11,2010-08-05T20:13:44.420,21,,,VG8gYW4gQW1lcmljYW4gZWFyLCBpdCBzb3VuZHMgYXdrd2FyZCwgYnV0IGluIEJyaXRpc2ggRW5nbGlzaCwgdGhpcyBpcyBub3QgdW5jb21tb24uICBJcm9uaWNhbGx5LCBhIEJyaXQgd2lsbCBwcm9iYWJseSB0ZWxsIHlvdSB0aGF0IHRoZSBjb3JyZWN0IGZvcm0gaXMgIkkgaGF2ZSBfZ290XyBhIHNtYWxsIGRvZyIu,
59,2,30,900a8355-2ed8-4350-9c6b-1ec8da72cd2b,2010-08-05T20:15:21.717,31,,,VGhlcmUgaXMgbm8gdW5pdmVyc2FsIHN0YW5kYXJkLCBidXQgdmFyaW91cyBzdHlsZSBndWlkZXMgZ2VuZXJhbGx5IHN0YXRlIHRoYXQgcHJlcG9zaXRpb25zICgqYXQqLCAqb24qLCAqYnkqLCAqaW4qLCAqb2YqLCAqdG8qLCBldGMuKSBhcnRpY2xlcyAoKmEqLCAqYW4qLCAqdGhlKikgYW5kIGNvbmp1bmN0aW9ucyAoKmlmKiwgKmFuZCosICpvciosICpidXQqKSBhcmUgbm90IGNhcGl0YWxpemVkIHVubGVzcyBvbmUgaXMgdGhlIGZpcnN0IHdvcmQuDQoNCkkgaGF2ZSBhbHNvIGhlYXJkIG9mIHJ1bGVzIHdoZXJlIGFsbCBvbmUgYW5kIHR3by1sZXR0ZXIgd29yZHMgYXJlIG5vdCBjYXBpdGFsaXplZCwgc28gYSBwcmVwb3NpdGlvbiBsaWtlICdhdCcgaXMgbm90IGNhcGl0YWxpemVkLCBidXQgJ2Fib3V0JyBvciAndW5kZXInIHdvdWxkIGJlLg==,
60,2,31,fbfab2ea-40d7-4256-b814-bde4a609ee69,2010-08-05T20:22:12.313,7,,,IklubmluZyIgaXMgYWN0dWFsbHkgYSBiYWNrLWZvcm1hdGlvbiwgY2F1c2VkIGJ5IHRoZSBtaXN0YWtlbiBiZWxpZWYgdGhhdCAiaW5uaW5ncyIgd2FzIGEgb25seSBhIHBsdXJhbCAoYW5kIHBvc3NpYmx5IGJ5IHRoZSBnZW5lcmFsIEFtZXJpY2FuIHRlbmRlbmN5LCB0byBzaW1wbGlmeSBzcGVsbGluZyAtLSBlLmcuIGRyb3BwaW5nIHRoZSAndScgZnJvbSAiY29sbyh1KXIiKS4gDQoNCkJ1dCAiaW5uaW5ncyIgaXMgYWN0dWFsbHkgc2luZ3VsYXIgYXMgd2VsbCBhcyBwbHVyYWwsIGFuZCBoYXMgYmVlbiB1c2VkIGFzIHN1Y2ggc2luY2UgYXQgbGVhc3QgdGhlIGVhcmx5IDE3MDBzLg==,
61,2,32,d638e025-e7e4-4c15-808f-5026891f05e3,2010-08-05T20:22:13.437,6,,,UHJlcG9zaXRpb25zIGVuZCB1cCBhdCB0aGUgZW5kIG9mIHNlbnRlbmNlcyB0aGF0IGFyZSB1c2luZyBwaHJhc2FsIHZlcmJzLCB0aGF0IGlzIGEgdmVyYiBwbHVzIGEgcHJlcG9zaXRpb24gd2hlcmUgdGhlIHByZXBvc2l0aW9uIGlzbid0IHN0YXJ0aW5nIGEgcHJlcG9zaXRpb25hbCBwaHJhc2UuICBQaHJhc2FsIHZlcmJzIGFyZSBwZXJmZWN0bHkgb2theSBhbmQgYXJlIHZlcnkgY29tbW9uIGluIEdlcm1hbmljIGxhbmd1YWdlcywgbGVzcyBjb21tb24gaW4gc29tZXRoaW5nIGxpa2UgTGF0aW4uICANCg0KW0VuZ2xpc2ggaGFzIHNldmVyYWwgcmVnaXN0ZXJzLS1sZXZlbHMgb2YgZm9ybWFsaXR5LS0gYW5kIHBocmFzYWwgdmVyYnMgYXJlIG5vdCBwcmVmZXJyZWQgaW4gZm9ybWFsIEVuZ2xpc2hdWzFdLg0KDQoNCiAgWzFdOiBodHRwOi8vd3d3LmVuZ2xpc2hvbmxpbmUub3JnLmNuL2VuL2V4YW1zLXdvcmsvaWVsdHMtcHJlcGFyYXRpb24tYXJ0aWNsZXMvYXJ0aWNsZS1lbGV2ZW4=,
62,2,33,8f162693-90d7-4c5d-b083-3dfdf1b2af47,2010-08-05T20:22:15.230,31,,,SW4gbXkgb3BpbmlvbiB0aGlzIGlzIG9uZSBvZiB0aG9zZSBzdHVmZnkgcnVsZXMgdG91dGVkIGJ5IGdyYW1tYXJpYW5zIHdobyBwcm9iYWJseSBzaG91bGQgaGF2ZSBiZXR0ZXIgdGhpbmdzIHRvIGRvLi4uIFdoZW4geW91IGNhbiBhdm9pZCBpdCwgZG9uJ3QgZW5kIHNlbnRlbmNlcyB3aXRoIHByZXBvc2l0aW9ucywgYnV0IGlmIHJld3JpdGluZyB0aGUgc2VudGVuY2Ugd2lsbCBtYWtlIGl0IGdyYW1tYXRpY2FsbHkgdG9ydHVyZWQsIGl0J3MgYmVzdCB0byBicmVhayB0aGUgcnVsZSBmb3IgdGhlIHNha2Ugb2YgY2xhcml0eS4=,
63,2,34,beed9f5a-f5e9-4a65-b504-4e9e8d05001e,2010-08-05T20:22:50.407,30,,,VGhpcyBbV3JpdGVyJ3MgQmxvY2tdWzFdIHBhZ2Ugb24gY2FwaXRhbGl6YXRpb24gc3VtcyB1cCB0aGUgcnVsZXMgaW4gb25lIHBhZ2Ugd2hpY2ggaXMgdGhlIG1vc3QgdXNlZnVsIHRoYXQgSSBoYXZlIGZvdW5kLCBiYXNpY2FsbHkgdGhlc2UgcnVsZXMgZnJvbSB0aGUgKkNoaWNhZ28gTWFudWFsIG9mIFN0eWxlKiBwbHVzIGEgbnVtYmVyIG9mIG1pbm9yIHJ1bGVzIHdoaWNoIGFyZSB3b3J0aCByZWFkaW5nOg0KDQogICAxLiBBbHdheXMgY2FwaXRhbGl6ZSB0aGUgZmlyc3QgYW5kIHRoZSBsYXN0IHdvcmQuDQogICAyLiBDYXBpdGFsaXplIGFsbCBub3VucywgcHJvbm91bnMsIGFkamVjdGl2ZXMsIHZlcmJzLCBhZHZlcmJzLCBhbmQgc3Vib3JkaW5hdGUgY29uanVuY3Rpb25zICgiYXMiLCAiYmVjYXVzZSIsICJhbHRob3VnaCIpLg0KICAgMy4gTG93ZXJjYXNlIGFsbCBhcnRpY2xlcywgY29vcmRpbmF0ZSBjb25qdW5jdGlvbnMgKCJhbmQiLCAib3IiLCAibm9yIiksIGFuZCBwcmVwb3NpdGlvbnMgcmVnYXJkbGVzcyBvZiBsZW5ndGgsIHdoZW4gdGhleSBhcmUgb3RoZXIgdGhhbiB0aGUgZmlyc3Qgb3IgbGFzdCB3b3JkLiAoTm90ZTogTklWQSBwcmVmZXJzIHRvIGNhcGl0YWxpemUgcHJlcG9zaXRpb25zIG9mIGZpdmUgY2hhcmFjdGVycyBvciBtb3JlICgiYWZ0ZXIiLCAiYW1vbmciLCAiYmV0d2VlbiIpLikNCiAgIDQuIExvd2VyY2FzZSB0aGUgInRvIiBpbiBhbiBpbmZpbml0aXZlLg0KDQoNCg0KICBbMV06IGh0dHA6Ly93d3cud3JpdGVyc2Jsb2NrLmNhL3RpcHMvbW9udGh0aXAvdGlwbWFyOTguaHRt,
64,2,35,fd16b6a6-f13d-4a5a-9eb9-318745ae48c0,2010-08-05T20:23:36.320,23,,,VGVjaG5pY2FsbHksIHRoZXJlJ3Mgbm90aGluZyB3cm9uZyB3aXRoIGl0LCBhbHRob3VnaCBVbmNsZSBNaWtleSBpcyBjb3JyZWN0IHRoYXQgaXQncyByYXJlbHkgYXBwcm9wcmlhdGUgdG8gdXNlIGNvbnRyYWN0aW9ucyBpbiBmb3JtYWwgd3JpdGluZy4NCg0KVGhlIG9ubHkgcmVhc29uIHRoZSBzZWNvbmQgb25lIHNlZW1zIHN0cmFuZ2UgaXMgYmVjYXVzZSBtb3N0IHBlb3BsZSB3b3VsZCBzYXkgIlRoZXkncmUgaGF2aW5nIGEgZ3JlYXQgdGltZSwiIEkgc3VwcG9zZSBiZWNhdXNlIHRoZXkncmUgaW4gdGhlIG1pZGRsZSBvZiBoYXZpbmcgaXQuIEkgaGF2ZSBzYWlkLCB0aG91Z2gsICJJJ2QgYSBncmVhdCB0aW1lLi4uIiBJIGp1c3QgaGFwcGVuIHRvIHNwZWFrIHRvbyBxdWlja2x5LjopDQoNCkkgYWxzbyBzYXkgIkkndmUgZ290Li4uIiByYXRoZXIgdGhhbiAiSSBoYXZlLiIgV2hlbiBJJ20gbm90IHNwZWFraW5nIGluY29ycmVjdGx5LCBJIGdlbmVyYWxseSBqdXN0IHNheSAiSSd2ZS4iIFNvLCBpdCdzIG5vdCBqdXN0IGEgQnJpdGlzaCB0aGluZy4=,
66,2,37,74858b03-83c3-4ca2-b15f-937832233ef3,2010-08-05T20:24:37.067,21,,,VGhpcyBoZWF2aWx5IGRlcGVuZHMgb24gdGhlIHN0eWxlIGd1aWRlIGluIHVzZTsgdGhleSB1c3VhbGx5IGhhdmUgYSBmYWlybHkgZXhhY3Qgc3BlY2lmaWNhdGlvbi4gIEluIGEgZm9ybWFsIHB1YmxpY2F0aW9uIHlvdSBzaG91bGQgcGVyaGFwcyBpbnF1aXJlIHdoYXQgdGhlIHJlY29tbWVuZGVkIHN0eWxlIGlzLg0KDQpJZiB5b3UgaGF2ZSBubyBvdmVycnVsaW5nIHN0eWxlIGd1aWRlIHRvIGZvbGxvdywgeW91IGFyZSBhbG1vc3QgbmV2ZXIgd3JvbmcgY2FwaXRhbGl6aW5nIGEgdGl0bGUganVzdCBsaWtlIGEgbm9ybWFsIHNlbnRlbmNlLiAgQ29tcGFyZSBuZXdzcGFwZXIgaGVhZGxpbmVzIGZyb20gdG9kYXk6DQoNCk5ldyBZb3JrIFRpbWVzOg0KPiBTZW5hdGUgVm90ZXMgdG8gQ29uZmlybSBFbGVuYSBLYWdhbiBmb3IgVS5TLiBTdXByZW1lIENvdXJ0DQoNCldhc2hpbmd0b24gUG9zdDoNCj4gU2VuYXRlIGNvbmZpcm1zIEVsZW5hIEthZ2FuIHRvIFN1cHJlbWUgQ291cnQNCg0KSWYgeW91IGNhcGl0YWxpemUgbm9ybWFsbHksIHlvdSBhcmUgbGVzcyBsaWtlbHkgdG8gYmUgaW5jb25zaXN0ZW50IG9yIHdyb25nLg==,
67,2,38,8fd465a1-905c-4458-835d-d6930270bb0e,2010-08-05T20:29:09.693,48,,,IkJldHdpeHQiIGlzIGFyY2hhaWMgYW5kIGhpZ2hseSBtYXJrZWQgZm9yIEFtZXJpY2FuIEVuZ2xpc2gsIGJ1dCBub3QgdGVjaG5pY2FsbHkgd3JvbmcuDQoNCiJMZWFybnQiIGlzIG5vbi1zdGFuZGFyZCwgYnV0IGludGVsbGlnaWJsZSBhbmQgcHJvYmFibHkgbm90IGEgcHJvYmxlbS4NCg0KSSd2ZSBuZXZlciBoZWFyZCBvciBzZWVuIHRoZSB3b3JkICJ0cmViYmxlIiwgYW5kIHdvdWxkIG1hcmsgaXQgYXMgYW4gZXJyb3IgaW4gYW55IHBpZWNlIG9mIGZvcm1hbCB3cml0aW5nLg==,
68,2,39,2f314d64-5492-4499-9e4a-f36c030a910b,2010-08-05T20:29:30.177,46,,,WWVzLCB3aGVuIHRoZSBxdW90YXRpb24gZW5kcyBpbiBhIGZ1bGwgc3RvcC9wZXJpb2QgKGluICJCcml0aXNoIiBFbmdsaXNoLCBhbnl3YXkpLiBTZWUgdGhlIFtFY29ub21pc3Qgc3R5bGUgZ3VpZGVdWzFdOg0KDQo+IEZvciB0aGUgcmVsYXRpdmUgcGxhY2luZyBvZiBxdW90YXRpb24NCj4gbWFya3MgYW5kIHB1bmN0dWF0aW9uLCBmb2xsb3cgSGFydCdzDQo+IHJ1bGVzLiBUaHVzLCBpZiBhbiBleHRyYWN0IGVuZHMgd2l0aCBhDQo+IGZ1bGwgc3RvcCBvciBxdWVzdGlvbi1tYXJrLCBwdXQgdGhlDQo+IHB1bmN0dWF0aW9uIGJlZm9yZSB0aGUgY2xvc2luZw0KPiBpbnZlcnRlZCBjb21tYXMuDQoNCm9yIHRoZSBbR3VhcmRpYW4gc3R5bGUgZ3VpZGVdWzJdOg0KDQo+IFVzZSBkb3VibGUgcXVvdGVzIGF0IHRoZSBzdGFydCBhbmQgZW5kDQo+IG9mIGEgcXVvdGVkIHNlY3Rpb24sIHdpdGggc2luZ2xlDQo+IHF1b3RlcyBmb3IgcXVvdGVkIHdvcmRzIHdpdGhpbiB0aGF0DQo+IHNlY3Rpb24uIFBsYWNlIGZ1bGwgcG9pbnRzIGFuZCBjb21tYXMNCj4gaW5zaWRlIHRoZSBxdW90ZXMgZm9yIGEgY29tcGxldGUNCj4gcXVvdGVkIHNlbnRlbmNlOyBvdGhlcndpc2UgdGhlIHBvaW50DQo+IGNvbWVzIG91dHNpZGUg4oCTICJBbm5hIHNhaWQ6ICdZb3VyDQo+IHN0eWxlIGd1aWRlIG5lZWRzIHVwZGF0aW5nLCcgYW5kIEkNCj4gc2FpZDogJ0kgYWdyZWUuJyAiIGJ1dDogIkFubmEgc2FpZA0KPiB1cGRhdGluZyB0aGUgZ3VpZGUgd2FzICdhIGRpZmZpY3VsdA0KPiBhbmQgdGltZS1jb25zdW1pbmcgdGFzaycuIg0KDQogIFsxXTogaHR0cDovL3d3dy5lY29ub21pc3QuY29tL3Jlc2VhcmNoL3N0eWxlR3VpZGUvaW5kZXguY2ZtP3BhZ2U9ODA1NzAxDQogIFsyXTogaHR0cDovL3d3dy5ndWFyZGlhbi5jby51ay9zdHlsZWd1aWRlL3EjaWQtMzAxNjcwMw==,
69,2,40,87a38fac-f7cf-4e70-a225-196ff59f523e,2010-08-05T20:30:56.227,30,,,QXMgYW4gZXhhbXBsZSwgaW4gY2FzdWFsIHNwZWVjaCBhbmQgaW5mb3JtYWwgd3JpdGluZyBpdCBpcyBjb21tb24gdG8gc2F5LCAiV2hvIGFyZSB5b3UgZ29pbmcgd2l0aD8iIGJ1dCBpbiBhIHNwZWVjaCBvciBmb3JtYWwgd3JpdGluZyB5b3Ugd2FudCB0byBnaXZlIGl0IHRoYXQgZXh0cmEgcG9saXNoIGFuZCBzYXkgIldpdGggd2hvbSBhcmUgeW91IGdvaW5nPyI=,
70,2,41,39ebb203-9aad-4728-bbe8-a983a6632a59,2010-08-05T20:32:24.257,48,,,PiBXaGVuIGlzIGl0IG9rYXkgdG8gZW5kIGEgc2VudGVuY2UgaW4gYSBwcmVwb3NpdGlvbj8NCg0KQW55IHRpbWUgeW91IHBsZWFzZS4gVGhlICJydWxlIiBhZ2FpbnN0IGVuZGluZyBzZW50ZW5jZXMgd2l0aCBhIHByZXBvc2l0aW9uIGlzIHBzZXVkby1MYXRpbiBwaWZmbGUgd2l0aCBubyByZWxldmFuY2UgdG8gbW9kZXJuIEVuZ2xpc2ggaW4gYW55IHJlZ2lzdGVyLg==,
71,6,7,da4ce50d-44f0-4a01-9ce7-c529c1e5c096,2010-08-05T20:35:08.747,48,,edited tags,PGdyYW1tYXI+PGF1eGlsaWFyeS12ZXJicz48dGVuc2VzPg==,
72,5,39,8d984522-6d8c-4449-aab4-03651d0bb7d1,2010-08-05T20:37:27.790,46,,Answer not quite correct,WWVzLiBTZWUgdGhlIFtFY29ub21pc3Qgc3R5bGUgZ3VpZGVdWzFdOg0KDQo+IElmIHRoZSBxdW90YXRpb24gZG9lcyBub3QgaW5jbHVkZSBhbnkNCj4gcHVuY3R1YXRpb24sIHRoZSBjbG9zaW5nIGludmVydGVkDQo+IGNvbW1hcyBzaG91bGQgcHJlY2VkZSBhbnkgcHVuY3R1YXRpb24NCj4gbWFya3MgdGhhdCB0aGUgc2VudGVuY2UgcmVxdWlyZXMuDQoNCk1vcmUgYXQgdGhlIFtHdWFyZGlhbiBzdHlsZSBndWlkZV1bMl0uDQoNCiAgWzFdOiBodHRwOi8vd3d3LmVjb25vbWlzdC5jb20vcmVzZWFyY2gvc3R5bGVHdWlkZS9pbmRleC5jZm0/cGFnZT04MDU3MDENCiAgWzJdOiBodHRwOi8vd3d3Lmd1YXJkaWFuLmNvLnVrL3N0eWxlZ3VpZGUvcSNpZC0zMDE2NzAz,
74,2,43,a7ff066d-74f1-4ab4-a6fd-6e74a6d0759a,2010-08-05T20:38:40.610,48,,,Rm9ybWFsbHksICptaWdodCogaXMgdGhlIHBhc3QgdGVuc2Ugb2YgKm1heSouIEluIHNpdHVhdGlvbnMgd2hlcmUgdGhlIHBhc3QgdGVuc2UgaXMgcmVxdWlyZWQsIG9ubHkgKm1pZ2h0KiBtYXkgYmUgdXNlZDoNCg0KQ29ycmVjdDoNCj4gSGUgc2FpZCBoZSBtaWdodCBnby4NCg0KU3Vib3JkaW5hdGUgY2xhdXNlcyBpbiBFbmdsaXNoIG11c3QgYmUgaW4gdGhlIHBhc3QgdGVuc2UgaWYgdGhlIG1haW4gY2xhdXNlIGlzIGluIHRoZSBwYXN0IHRlbnNlLCBzbyB0aGlzIGlzIGNvcnJlY3QuDQoNCkluY29ycmVjdDoNCj4gSGUgc2FpZCBoZSBtYXkgZ28uDQoNCkhlcmUgeW91IGNhbm5vdCB1c2UgdGhlIHByZXNlbnQgdGVuc2UgKm1heSogd2l0aCB0aGUgcGFzdCB0ZW5zZSBtYWluIHZlcmIgKnNhaWQqLg0KDQpIb3dldmVyLCBpbiB0aGUgcHJlc2VudCB0ZW5zZSAqbWF5KiBhbmQgKm1pZ2h0KiBjYW4gYmUgdXNlZCBpbnRlcmNoYW5nZWFibHksIG1lYW5pbmcgdGhhdCBhbGwgb2YgdGhlIGZvbGxvd2luZyBhcmUgY29ycmVjdDoNCg0KPiBIZSBzYXlzIGhlIG1heSBnby48YnIgLz4NCj4gSGUgc2F5cyBoZSBtaWdodCBnby48YnIgLz4NCj4gSGUgbWF5IGdvLjxiciAvPg0KPiBIZSBtaWdodCBnby48YnIgLz4=,
75,2,44,dce500c3-fc81-43ef-82be-e767831d40e9,2010-08-05T20:38:46.600,23,,,QWN0dWFsbHksIHdpa2lwZWRpYSBzZWVtcyB0byBnaXZlIGEgZ29vZCBhbnN3ZXIgdG8gdGhpcy4gSSB0aGluayBpdCBjYW4gYmUgc3VtbWFyaXplZCBhcyAibW9zdCBwZW9wbGUganVzdCBtYWtlIGl0IHVwIGFzIHRoZXkgZ28uIiBodHRwOi8vZW4ud2lraXBlZGlhLm9yZy93aWtpL1F1b3RhdGlvbl9tYXJrcyNUeXBvZ3JhcGhpY2FsX2NvbnNpZGVyYXRpb25zDQoNCklmIHlvdSdyZSBhbiBBbWVyaWNhbiwgcGVyaW9kcyBvciBjb21tYXMgYWxtb3N0IGFsd2F5cyBnbyBpbnNpZGUgdGhlIHBhcmVudGhlc2lzLiBJZiB5b3UncmUgQnJpdGlzaCwgcGVyaW9kcyBhbmQgY29tbWFzIG9ubHkgZ28gaW5zaWRlIGlmIHRoZXkncmUgcGFydCBvZiB0aGUgYWN0dWFsIHF1b3RlLiBVbmxlc3MgeW91J3JlIGEgam91cm5hbGlzdCwgb3IgcHVibGlzaGluZyBmaWN0aW9uLiBUaGVuIHlvdSBkbyBpdCB0aGUgQW1lcmljYW4gd2F5IQ0KDQpJIHJlYWxseSBkb24ndCBjb25zaWRlciBvbmUgd2F5IG1vcmUgY29ycmVjdCB0aGFuIGFub3RoZXIuIEkgZ3Vlc3MgaXQganVzdCBkZXBlbmRzIG9uIHdoYXQgeW91J3JlIGF1ZGllbmNlIGV4cGVjdHMu,
76,2,45,b2b459da-6590-4fe0-adb2-5f812916acd9,2010-08-05T20:42:36.220,49,,,V2VsbCwgaXQgbG9va3MgbGlrZSBhIG1ldGEtcXVlc3Rpb24sIGJ1dCBJJ20gbm90IHJlYWxseSBzdXJlIGlmIHRoaXMgdGl0bGUgaXMgc3ludGFjdGljYWxseSBjb3JyZWN0LiBJcyBpdCBiZXR0ZXIgdG8gc2F5ICJ3aGF0J3Mgd3JvbmcgKip3aXRoKiogKnNvbWV0aGluZyoiIG9yICJ3aGF0J3Mgd3JvbmcgKippbioqICpzb21ldGhpbmcqIj8NCg0KVGh4,
77,1,45,b2b459da-6590-4fe0-adb2-5f812916acd9,2010-08-05T20:42:36.220,49,,,V2hhdCdzIHdyb25nIGluIHRoaXMgcXVlc3Rpb24/,
78,3,45,b2b459da-6590-4fe0-adb2-5f812916acd9,2010-08-05T20:42:36.220,49,,,PGdyYW1tYXI+PHdyb25nPg==,
79,5,40,eeb79042-adac-4307-9ab6-ff2f87847bbd,2010-08-05T20:43:17.107,30,,added 24 characters in body,QXMgYW4gZXhhbXBsZSwgaW4gY2FzdWFsIHNwZWVjaCBhbmQgaW5mb3JtYWwgd3JpdGluZyBpdCBpcyBjb21tb24gdG8gc2F5LCAiV2hvIGFyZSB5b3UgZ29pbmcgd2l0aD8iIGJ1dCBpbiBhIHNwZWVjaCBvciBmb3JtYWwgd3JpdGluZyB5b3UgcHJvYmFibHkgd2FudCB0byB1c2UgdGhlIG1vcmUgZ3JhbW1hdGljYWxseSBhY2NlcHRlZCBjb3JyZWN0IGZvcm0gIldpdGggd2hvbSBhcmUgeW91IGdvaW5nPyI=,
80,2,46,d1250467-db6e-4a25-98bb-fbedf33df68d,2010-08-05T20:44:31.940,30,,,V2l0aG91dCBrbm93aW5nIHRoZSBjb250ZXh0LCAid2hhdCdzIHdyb25nIHdpdGggc29tZXRoaW5nIiBpcyBjb3JyZWN0LiBUaGUgcXVlc3Rpb24gIldoYXQncyB3cm9uZyBpbiBzb21ldGhpbmciIHNvdW5kcyBsaWtlIGEgcXVlc3Rpb24geW91IHdvdWxkIGhlYXIgaW4gYSBwaGlsb3NvcGh5IGNsYXNzIG9uIGV4aXN0ZW50aWFsaXNtLg==,
81,2,47,0b4f868a-69f5-44f5-8abe-80ac8e00c16a,2010-08-05T20:44:47.510,39,,,QSBwcmVwb3NpdGlvbiBpcyBhIHBlcmZlY3RseSByZWFzb25hYmxlIHdvcmQgdG8gZW5kIGEgc2VudGVuY2Ugd2l0aC4gQWRtb25pdGlvbnMgYWdhaW5zdCBkb2luZyBzbyBhcmUgbm90IHNvbWV0aGluZyBhbnlvbmUgbmVlZHMgcGF5IGhlZWQgdG8uIEl0J3MgdGhlIGtpbmQgb2YgbWFkZS11cCBydWxlIHRoYXQgaXMgbm90IGJhc2VkIG9uIHRoZSByZWFsaXR5IG9mIHRoZSBsYW5ndWFnZSBhbmQgYW5ndWlzaCBvdmVyIGRvaW5nIGl0IGlzIHNvbWV0aGluZyBubyB3cml0ZXIgbmVlZCBzdWZmZXIgZnJvbS4gQW5kIGlmIHlvdSBkb24ndCBiZWxpZXZlIG1lLCBbbG9vayBpdCB1cF1bMV0uIA0KDQoNCiAgWzFdOiBodHRwOi8vaXRyZS5jaXMudXBlbm4uZWR1L35teWwvbGFuZ3VhZ2Vsb2cvYXJjaGl2ZXMvMDA0NDU0Lmh0bWw=,
82,2,48,cf6b8285-61c0-4d75-a65a-f998a4818de3,2010-08-05T20:46:46.833,51,,,V2hpY2ggcHJvbm91biBzaG91bGQgSSB1c2UgYXMgYSBnZW5kZXIgbmV1dHJhbDoNCg0KRWFjaCBzdHVkZW50IHNob3VsZCBzYXZlICoqaGlzKiogcXVlc3Rpb25zIHVudGlsIHRoZSBlbmQuDQoNCm9yDQoNCkVhY2ggc3R1ZGVudCBzaG91bGQgc2F2ZSAqKmhlcioqIHF1ZXN0aW9ucyB1bnRpbCB0aGUgZW5kLg==,
83,1,48,cf6b8285-61c0-4d75-a65a-f998a4818de3,2010-08-05T20:46:46.833,51,,,R2VuZGVyIG5ldXRyYWwgcHJvbm91bi4=,
84,3,48,cf6b8285-61c0-4d75-a65a-f998a4818de3,2010-08-05T20:46:46.833,51,,,PGdyYW1tYXI+,
85,2,49,96ae18a4-3bba-4c8c-ab2b-8f5b90254fdb,2010-08-05T20:48:28.003,30,,,SXQgaXMgY29tbW9uIHRvIHdyaXRlLCAiRWFjaCBzdHVkZW50IHNob3VsZCBzYXZlIGhpcyBvciBoZXIgcXVlc3Rpb25zIHVudGlsIHRoZSBlbmQiIG9yIHRvIHZhcnkgaGlzIGFuZCBoZXIgdGhyb3VnaG91dCB5b3VyIHRleHQuIEluIHNwZWVjaCB5b3Ugd2lsbCBvZnRlbiBoZWFyIG5hdGl2ZSBzcGVha2VycyBzYXksICJFYWNoIHN0dWRlbnQgc2hvdWxkIHNhdmUgdGhlaXIgcXVlc3Rpb25zIHVudGlsIHRoZSBlbmQuIg==,
86,2,50,ce8828ef-4de9-487b-8117-68f6ac0cb0b8,2010-08-05T20:51:07.293,6,,,SSd2ZSBzZWVuIGEgY29udHJhY3Rpb24gb2YgdHdvIHdvcmRzLiAgSSBjYW4ndCBzZWUgd2h5IGl0IHdvdWxkbid0IGJlIHBvc3NpYmxlIHRvIGNvbnRyYWN0IHR3aWNlLiAgSXMgaXQgcG9zc2libGUgYW5kIGhvdyBzaG91bGQgaXQgYmUgcHVuY3R1YXRlZD8=,
87,1,50,ce8828ef-4de9-487b-8117-68f6ac0cb0b8,2010-08-05T20:51:07.293,6,,,SSd2ZW4ndCBhIGNsdWUgaWYgdGhpcyBpcyBwb3NzaWJsZS4gIENhbiBhIHdvcmQgYmUgY29udHJhY3RlZCB0d2ljZT8=,
88,3,50,ce8828ef-4de9-487b-8117-68f6ac0cb0b8,2010-08-05T20:51:07.293,6,,,PHB1bmN0dWF0aW9uPjxjb250cmFjdGlvbnM+,
89,2,51,3dcf5d01-00f2-4a99-9d3d-cf1cb73f7a34,2010-08-05T20:53:47.150,39,,,VGhlIGV4YW1wbGUgeW91IGdpdmUgaXMgbm90IGRvbmUgaW4gQW1lcmljYW4gRW5nbGlzaC4gWW91IGNhbid0IGNvbnRyYWN0IG5vbi1hdXhpbGlhcnkgImhhdmUiLiAiSSd2ZSBub3QgYSBjbHVlIGlmIHRoaXMgaXMgcG9zc2libGUiIGlzIGFsc28gbm90IGdyYW1tYXRpY2FsIGluIEFtZXJpY2FuIEVuZ2xpc2guIEl0IG1heSBiZSBpbiBCcml0aXNoIEVuZ2xpc2gsIHRob3VnaC4=,
95,2,55,c4832482-1fe6-4f3a-a4c8-64ae76076c87,2010-08-05T20:56:40.670,39,,,W1Npbmd1bGFyIHRoZXldWzFdIGVuam95cyBhIGxvbmcgaGlzdG9yeSBvZiB1c2FnZSBpbiBFbmdsaXNoIGFuZCBjYW4gYmUgdXNlZCBoZXJlOiAiRWFjaCBzdHVkZW50IHNob3VsZCBzYXZlIHRoZWlyIHF1ZXN0aW9ucyB1bnRpbCB0aGUgZW5kLiIuIEhvd2V2ZXIgInNpbmd1bGFyIHRoZXkiIGFsc28gZW5qb3lzIGEgbG9uZyBoaXN0b3J5IG9mIGNyaXRpY2lzbS4gSWYgeW91IGFyZSBhbnhpb3VzIGFib3V0IGJlaW5nIGNyaXRpY2l6ZWQgKGZvciB3aGF0IGlzIGluIGZhY3QgYSBwZXJmZWN0bHkgZ3JhbW1hdGljYWwgY29uc3RydWN0aW9uKSB5b3UgYXJlIGFkdmlzZWQgdG8gcmV3b3JkIHRvIGF2b2lkIGhhdmluZyB0byB1c2UgYSBnZW5kZXIgbmV1dHJhbCBzaW5ndWxhciB0aGlyZC1wZXJzb24gcHJvbm91bi4NCg0KICBbMV06IGh0dHA6Ly9lbi53aWtpcGVkaWEub3JnL3dpa2kvU2luZ3VsYXJfdGhleQ==,
96,2,56,b26af80b-4795-452b-8c1b-b64adc62babb,2010-08-05T20:57:34.770,55,,,SSBjYW4gbmV2ZXIgZmlndXJlIG91dCB3aGV0aGVyIEkgc2hvdWxkIHVzZSAid2hvIiBhbmQgIndob20iLiBNb3N0IHBlb3BsZSB1c2UgIndobyIgZm9yIGJvdGggY29sbG9xdWlhbGx5LCBidXQgdGhhdCdzIG5vdCBjb3JyZWN0Lg0KDQpXaGF0J3MgdGhlIHJ1bGUgZm9yIHVzaW5nIHdobyBvciB3aG9tPw==,
97,1,56,b26af80b-4795-452b-8c1b-b64adc62babb,2010-08-05T20:57:34.770,55,,,VXNpbmcgd2hvIGFuZCB3aG9t,
98,3,56,b26af80b-4795-452b-8c1b-b64adc62babb,2010-08-05T20:57:34.770,55,,,PGdyYW1tYXI+,
99,2,57,ab2838df-6f73-4f32-bb7c-924272237f7b,2010-08-05T21:01:33.310,55,,,V2hlbiBJIHdhcyBncm93aW5nIHVwLCBpZiBJIGV2ZXIgc2FpZCBzb21ldGhpbmcgc2ltaWxhciB0byAiQ2FuIEkgZ28gdG8gdGhlIHN0b3JlIHdpdGggSm9lPyIsIG15IG1vbSB3b3VsZCBjb3JyZWN0IG1lIHdpdGggIk1heSBJIGdvIHRvIHRoZSBzdG9yZSB3aXRoIEpvZT8iLg0KDQpJcyAiTWF5IEk/IiB0aGUgdHlwaWNhbCB3YXkgdG8gYXNrIGEgcXVlc3Rpb24gcG9saXRlbHkgb3IgaXMgdGhpcyBqdXN0IHNwZWNpZmljIHRvIHdoZXJlIEkgZ3JldyB1cCBvciB3aGF0IG15IG1vbSBsZWFybmVkPw0KDQpUaGFua3Mu,
100,1,57,ab2838df-6f73-4f32-bb7c-924272237f7b,2010-08-05T21:01:33.310,55,,,SG93IGRvIEkgYXNrIGEgcXVlc3Rpb24gcG9saXRlbHk/,
101,3,57,ab2838df-6f73-4f32-bb7c-924272237f7b,2010-08-05T21:01:33.310,55,,,PHBvbGl0ZW5lc3M+,
102,2,58,d73de310-b614-4bc7-918b-5b8f30ab7455,2010-08-05T21:03:30.467,55,,,VGhpcyBpcyBub3QgZ3JhbW1hdGljYWxseSBjb3JyZWN0LCBidXQgeW91IG1heSBoZWFyIGl0IGluIHNwZWVjaC4gTmF0aXZlIHNwZWFrZXJzIHRlbmQgdG8gc2x1ciB3b3JkcyB0b2dldGhlciBhbmQgbGVhdmUgb3V0IHBpZWNlcyBvZiB3b3JkcyBldmVuIGlmIHRoZXkgd291bGRuJ3Qgd3JpdGUgdGhhdCB3YXku,
108,2,61,b90df3a1-d55f-4fe2-9f3f-81471353f319,2010-08-05T21:04:53.087,54,,,V2hpbGUgYW5kIHdoaWxzdCBhbm5veSBtZS4gU2FtZSBnb2VzIGZvciBhbW9uZyBhbmQgYW1vbmdzdC4gQXMgZmFyIGFzIEknbSBjb25jZXJuZWQsIHRoZSBudW1iZXIgb25lIHJ1bGUgc2hvdWxkIGFsd2F5cyBiZSBkb24ndCBvcHQgZm9yIHRoZSBgLXN0YCBlcXVpdmFsZW50IHNpbXBseSBiZWNhdXNlIGl0IHNvdW5kcyBtb3JlIGRpc3Rpbmd1aXNoZWQuDQoNCkdlbmVyYWxseSwgSSBmaW5kICd3aGlsc3QnIG1vcmUgYmVmaXR0aW5nIHdoZW4gcHJlY2VkaW5nIGEgcHJlc2VudCBwYXJ0aWNpcGxlLiBXaXRoIHRoYXQgc2FpZCwgdGhlIGZvbGxvd2luZyB0YWtlIG9uIHlvdXIgZXhhbXBsZSBzZWVtcyBhIHRhZCBtb3JlIGFncmVlYWJsZToNCg0KYFdoaWxzdCB3YWxraW5nIGRvd24gdGhlIHN0cmVldCwgdGhlIHN1biB3YXMgc2hpbmluZy5g,
109,2,62,e1493a8d-7568-429f-bbe1-ffd0e116580f,2010-08-05T21:05:17.890,58,,,QXMgSSBsZWFybmVkIGl0LCAibWF5IiBpcyBhYm91dCBwZXJtaXNzaW9uIHdoaWxlICJjYW4iIGlzIGFib3V0IGFiaWxpdHkuDQoNCiAtICJNYXkgd2UgYm9ycm93IHlvdXIgY2FyPyIgICANCiAtICJDYW4geW91IHNheSAnSXJpc2ggd3Jpc3R3YXRjaCc/Ig0KDQpTbyB5b3VyIG1vdGhlciB3YXMgY29ycmVjdGluZyAiRG8gSSBoYXZlIHRoZSBhYmlsaXR5IHRvIGdvIHRvIHRoZSBzdG9yZSB3aXRoIEpvZSIgdG8gIkRvIEkgaGF2ZSBwZXJtaXNzaW9uIHRvIGdvIHRvIHRoZSBzdG9yZS4uLiI=,
110,2,63,ce1d09d0-3b35-4e10-a4c8-d194a7db1735,2010-08-05T21:09:45.340,39,,,Ildob20gcmVtYWlucyBpbiBzaWduaWZpY2FudCB1c2UgZm9sbG93aW5nIGEgcHJlcG9zaXRpb24iIGJ1dCB1c2UgaW4gb2JqZWN0aXZlIGNhc2UgaXMgbW9yaWJ1bmQuIFtUaGUgV2lraXBlZGlhIGFydGljbGUgb24gIndobyJdWzFdIGhhcyBhIGRldGFpbGVkIGV4cGxhbmF0aW9uLg0KDQpUaGUgZGVhdGggb2YgIndob20iIGhhcyBiZWVuIHRyYWNrZWQgb24gTGFuZ3VhZ2UgTG9nIG92ZXIgdGhlIHllYXJzLiBGb3IgZXhhbXBsZSwgW2hlcmVdWzJdIGFuZCBbaGVyZV1bM10uDQoNCk1vcmUgZXhhbXBsZXM6DQoNCiogWyJJdCdzIGEgbWFkZS11cCB3b3JkIHVzZWQgdG8gdHJpY2sgc3R1ZGVudHMuIl1bNF0NCiogWyJBcyBmYXIgYXMgSSdtIGNvbmNlcm5lZCwgIndob20iIGlzIGEgd29yZCB0aGF0IHdhcyBpbnZlbnRlZCB0byBtYWtlIGV2ZXJ5b25lIHNvdW5kIGxpa2UgYSBidXRsZXIuIl1bNV0NCg0KDQogIFsxXTogaHR0cDovL2VuLndpa2lwZWRpYS5vcmcvd2lraS9XaG9fKHByb25vdW4pDQogIFsyXTogaHR0cDovL2l0cmUuY2lzLnVwZW5uLmVkdS9+bXlsL2xhbmd1YWdlbG9nL2FyY2hpdmVzLzAwMDc3Ny5odG1sDQogIFszXTogaHR0cDovL2l0cmUuY2lzLnVwZW5uLmVkdS9+bXlsL2xhbmd1YWdlbG9nL2FyY2hpdmVzLzAwMTQzNy5odG1sDQogIFs0XTogaHR0cDovL2l0cmUuY2lzLnVwZW5uLmVkdS9+bXlsL2xhbmd1YWdlbG9nL2FyY2hpdmVzLzAwNTA1NC5odG1sDQogIFs1XTogaHR0cDovL2l0cmUuY2lzLnVwZW5uLmVkdS9+bXlsL2xhbmd1YWdlbG9nL2FyY2hpdmVzLzAwMDc3OS5odG1s,
111,2,64,bda252ad-7f2f-4348-8ff4-fc8d0b69116a,2010-08-05T21:11:30.547,52,,,RWl0aGVyIG9mIHlvdXIgc3VnZ2VzdGlvbnMgaXMgYXBwcm9wcmlhdGUgaW4gZm9ybWFsIHdyaXR0ZW4gdGV4dCwgd2l0aCAiaGlzIiBhIG11Y2ggbW9yZSBjb21tb24gZm9ybXVsYXRpb24uICAiVGhlaXIiIGlzIGV2ZW4gbW9yZSBjb21tb24sIGJ1dCBsZXNzIGFjY2VwdGVkIGluIHRoZSBtb3N0IGhpZ2hseSBwZWRhbnRpYyBjb21tdW5pdGllcy4NCg0KSWYgeW91IHdhbnQgdG8gYXZvaWQgdGhlIHF1ZXN0aW9uIGFsdG9nZXRoZXIsIGFzIG5vaGF0IHN1Z2dlc3RzLCBzaW1wbHkgZHJvcCB0aGUgcHJvbm91bi4gIkVhY2ggc3R1ZGVudCBzaG91bGQgc2F2ZSBxdWVzdGlvbnMgdW50aWwgdGhlIGVuZCIgaXMgcGVyZmVjdGx5IHN0YW5kYXJkLg==,
113,2,65,c0a9d777-7e77-4047-8618-850773af52a4,2010-08-05T21:13:05.180,23,,,SSBkb24ndCB0aGluayB5b3UgY2FuIGdldCBhd2F5IHdpdGggIkkndmVuJ3QiIGluIHdyaXRpbmcgZWl0aGVyLiBIb3dldmVyLCBJIHRoaW5rIEkndmUgcmVhZCAiJ3R3ZXJlbid0LCIgIid0d291bGRuJ3QsIiBhbmQgIid0d2Fzbid0IiBiZWZvcmUuIEknbSBndWVzc2luZywgdGhvdWdoLCB0aGF0IGRvdWJsZSBjb250cmFjdGlvbnMgbGlrZSB0aGF0IGFyZSBuZXZlciB0ZWNobmljYWxseSBjb3JyZWN0LiBDb2xsb3F1aWFsbHkgc3BlYWtpbmcsIGlmIHlvdSdyZSB1bmRlcnN0YW5kYWJsZSwgYW55dGhpbmcgZ29lcy4g,
115,5,44,660c690c-d00b-4870-a8b4-9f4ea9b6211a,2010-08-05T21:16:42.947,23,,added 4 characters in body,QWN0dWFsbHksIHdpa2lwZWRpYSBzZWVtcyB0byBnaXZlIGEgZ29vZCBhbnN3ZXIgdG8gdGhpcy4gSSB0aGluayBpdCBjYW4gYmUgc3VtbWFyaXplZCBhcyAibW9zdCBwZW9wbGUganVzdCBtYWtlIGl0IHVwIGFzIHRoZXkgZ28uIiBodHRwOi8vZW4ud2lraXBlZGlhLm9yZy93aWtpL1F1b3RhdGlvbl9tYXJrcyNUeXBvZ3JhcGhpY2FsX2NvbnNpZGVyYXRpb25zDQoNCklmIHlvdSdyZSBhbiBBbWVyaWNhbiwgcGVyaW9kcyBvciBjb21tYXMgYWxtb3N0IGFsd2F5cyBnbyBpbnNpZGUgdGhlIHF1b3RhdGlvbiBtYXJrcy4gSWYgeW91J3JlIEJyaXRpc2gsIHBlcmlvZHMgYW5kIGNvbW1hcyBvbmx5IGdvIGluc2lkZSBpZiB0aGV5J3JlIHBhcnQgb2YgdGhlIGFjdHVhbCBxdW90ZS4gVW5sZXNzIHlvdSdyZSBhIGpvdXJuYWxpc3QsIG9yIHB1Ymxpc2hpbmcgZmljdGlvbi4gVGhlbiB5b3UgZG8gaXQgdGhlIEFtZXJpY2FuIHdheSENCg0KSSByZWFsbHkgZG9uJ3QgY29uc2lkZXIgb25lIHdheSBtb3JlIGNvcnJlY3QgdGhhbiBhbm90aGVyLiBJIGd1ZXNzIGl0IGp1c3QgZGVwZW5kcyBvbiB3aGF0IHlvdSdyZSBhdWRpZW5jZSBleHBlY3RzLg==,
116,2,66,71084c4b-7be1-4f6e-a18c-d523fc824c1a,2010-08-05T21:20:14.927,62,,,V2hhdCBpcyB0aGUgZGlmZmVyZW5jZSBiZXR3ZWVuIGEgZ2VydW5kIGFuZCBhIHBhcnRpY2lwbGU/,
117,1,66,71084c4b-7be1-4f6e-a18c-d523fc824c1a,2010-08-05T21:20:14.927,62,,,Z2VydW5kIGFuZCBwYXJ0aWNpcGxl,
118,3,66,71084c4b-7be1-4f6e-a18c-d523fc824c1a,2010-08-05T21:20:14.927,62,,,PHZlcmItZm9ybXM+,
119,2,67,68763d9a-4ca4-444c-aced-d891050532c6,2010-08-05T21:24:05.813,52,,,SSBndWVzcyB0aGlzIGlzbid0IGVudGlyZWx5IGZvcm1hbCBzdGFuZGFyZCBFbmdsaXNoLCBidXQgSSdtIHByZXR0eSBzdXJlICJ5J2FsbCdyZSwiICJ5J2FsbCd2ZSwiIGFuZCAieSdhbGwnbGwiIGFyZSBhY2NlcHRlZCBpbiBhcmVhcyB0aGF0IHVzZSAieSdhbGwiIGFzIHRoZSBzZWNvbmQgcGVyc29uIHBsdXJhbC4=,
